1-3J5XZM63; Declarada o En Proceso ;,2026-04-07 20:13:29
1-3J7NG9WO; Declarada o En Proceso ;,2026-04-07 20:13:47
1-3J6UQEAA; falta-stock ;,2026-04-07 20:13:47
1-3IOGN610 ; producto erroneo ;,2026-04-07 20:13:58
1-3J7GGKRS; Declarada o En Proceso ;,2026-04-07 20:14:45
1-3IP4CXI9 ; producto erroneo ;,2026-04-07 20:14:52
1-3J74CRBT; Declarada o En Proceso ;,2026-04-07 20:15:11
1-3J7NKHAC; Declarada o En Proceso ;,2026-04-07 20:15:28
1-3J5Y1NVL; Declarada o En Proceso ;,2026-04-07 20:15:31
1-3J6OI84C; Declarada o En Proceso ;,2026-04-07 20:15:32
1-3J6YG1G4; Declarada o En Proceso ;,2026-04-07 20:15:38
1-3IPY5IMX ; Codigo de material no reconocido ;,2026-04-07 20:15:40
1-3J7ITW7W; Declarada o En Proceso ;,2026-04-07 20:15:50
1-3J7195WG; Declarada o En Proceso ;,2026-04-07 20:16:05
1-3IQCMG2B ; producto erroneo ;,2026-04-07 20:16:34
1-3J6P5FUO; falta-stock ;,2026-04-07 20:17:00
1-3J7GIS1F; Declarada o En Proceso ;,2026-04-07 20:17:03
1-3IQPQ5MN ; producto erroneo ;,2026-04-07 20:17:28
1-3J74FVG8; Declarada o En Proceso ;,2026-04-07 20:17:29
1-3J6UXR75 ; Codigo de material no reconocido ;,2026-04-07 20:17:43
1-3J71AXTK; Declarada o En Proceso ;,2026-04-07 20:17:46
1-3J6YHVL6; Declarada o En Proceso ;,2026-04-07 20:17:57
1-3J5YWAHG; Declarada o En Proceso ;,2026-04-07 20:17:58
1-3J7NMQCV; Declarada o En Proceso ;,2026-04-07 20:18:03
1-3J7J5HY8; Declarada o En Proceso ;,2026-04-07 20:18:15
1-3IPK5BPW ; Codigo de material no reconocido ;,2026-04-07 20:18:16
1-3J74MXIC ; Codigo de material no reconocido ;,2026-04-07 20:18:17
1-3J7GKPGO; Declarada o En Proceso ;,2026-04-07 20:18:43
1-3J7NV6V6 ; Codigo de material no reconocido ;,2026-04-07 20:18:51
1-3IR737DQ ; Codigo de material no reconocido ;,2026-04-07 20:19:04
1-3J6YMMZF; Declarada o En Proceso ;,2026-04-07 20:19:22
1-3J74ZW80 ; Codigo de material no reconocido ;,2026-04-07 20:19:27
1-3IR7RLQJ ; producto erroneo ;,2026-04-07 20:19:58
1-3J6V0BVO; Declarada o En Proceso ;,2026-04-07 20:20:00
1-3J7GLK9Z ; Codigo de material no reconocido ;,2026-04-07 20:20:14
1-3J71B3MF; Declarada o En Proceso ;,2026-04-07 20:20:19
1-3J7538K8 ; Codigo de material no reconocido ;,2026-04-07 20:20:36
1-3J7J77ZX; Declarada o En Proceso ;,2026-04-07 20:20:41
1-3IR8GWXQ ; Codigo de material no reconocido ;,2026-04-07 20:20:45
1-3J6YN0T1; falta-stock ;,2026-04-07 20:21:05
1-3J7GTLE7; falta-stock ;,2026-04-07 20:21:35
1-3IRHYMF7 ; producto erroneo ;,2026-04-07 20:21:39
1-3J5Z2452; Declarada o En Proceso ;,2026-04-07 20:21:52
1-3J6PU1ZV; Declarada o En Proceso ;,2026-04-07 20:22:02
1-3J7J8DJ8; Declarada o En Proceso ;,2026-04-07 20:22:07
1-3J6V0DTX; Declarada o En Proceso ;,2026-04-07 20:22:24
1-3J71B7VD; Declarada o En Proceso ;,2026-04-07 20:22:31
1-3IRVD2YU ; producto erroneo ;,2026-04-07 20:22:33
1-3J75MT3E; Declarada o En Proceso ;,2026-04-07 20:22:47
1-3J7OCARX; falta-stock ;,2026-04-07 20:22:49
1-3J7J97YL ; Codigo de material no reconocido ;,2026-04-07 20:22:55
1-3IS20UHL ; producto erroneo ;,2026-04-07 20:23:27
1-3J7JJUV6; falta-stock ;,2026-04-07 20:24:09
1-3J6Q6TM1; Declarada o En Proceso ;,2026-04-07 20:24:12
1-3IS2HVRO ; producto erroneo ;,2026-04-07 20:24:21
1-3J6V937F; Declarada o En Proceso ;,2026-04-07 20:24:28
1-3J75OUY1; falta-stock ;,2026-04-07 20:24:30
1-3J71DYYH; Declarada o En Proceso ;,2026-04-07 20:24:40
1-3IT4GE4U ; producto erroneo ;,2026-04-07 20:25:15
1-3J6YVO8X; Declarada o En Proceso ;,2026-04-07 20:25:28
1-3J7OFMK2 ; Codigo de material no reconocido ;,2026-04-07 20:25:38
1-3J7GZ4SK; Declarada o En Proceso ;,2026-04-07 20:26:01
1-3J6VHI5W; Declarada o En Proceso ;,2026-04-07 20:26:09
1-3IT5R4CY ; producto erroneo ;,2026-04-07 20:26:09
1-3J5ZP8B6; Declarada o En Proceso ;,2026-04-07 20:26:15
1-3J6QHPJY; Declarada o En Proceso ;,2026-04-07 20:26:19
1-3IU3GJAX ; producto erroneo ;,2026-04-07 20:27:03
1-3J71M18F; Declarada o En Proceso ;,2026-04-07 20:27:04
1-3J7OGDO7; Declarada o En Proceso ;,2026-04-07 20:27:19
1-3J6YXPE8; falta-stock ;,2026-04-07 20:27:26
1-3J6VIEXH; Declarada o En Proceso ;,2026-04-07 20:27:34
1-3ITWOOC8 ; producto erroneo ;,2026-04-07 20:27:57
1-3J75UHC1; Declarada o En Proceso ;,2026-04-07 20:28:13
1-3J7H1MNK; Declarada o En Proceso ;,2026-04-07 20:28:18
1-3J609064; Declarada o En Proceso ;,2026-04-07 20:28:32
1-3J6QXNTC; Declarada o En Proceso ;,2026-04-07 20:28:43
1-3J6Z1HNS ; Codigo de material no reconocido ;,2026-04-07 20:28:49
1-3IU3KRBE ; producto erroneo ;,2026-04-07 20:28:50
1-3J6VKJTT; Declarada o En Proceso ;,2026-04-07 20:29:00
1-3J7JOPV3; Declarada o En Proceso ;,2026-04-07 20:29:10
1-3J7OM96H; Declarada o En Proceso ;,2026-04-07 20:29:21
1-3J71O1G4; Declarada o En Proceso ;,2026-04-07 20:29:38
1-3IUPBFAK ; producto erroneo ;,2026-04-07 20:29:44
1-3J6R5BU5 ; Codigo de material no reconocido ;,2026-04-07 20:29:53
1-3J6Z41ON ; Codigo de material no reconocido ;,2026-04-07 20:29:59
1-3J62SNB9; falta-stock ;,2026-04-07 20:30:00
1-3J7H6BGX; falta-stock ;,2026-04-07 20:30:01
1-3J75V2TS; Declarada o En Proceso ;,2026-04-07 20:30:23
1-3IVPUY35 ; producto erroneo ;,2026-04-07 20:30:38
1-3J7OQ3RO; Declarada o En Proceso ;,2026-04-07 20:30:46
1-3J7JRBKC; falta-stock ;,2026-04-07 20:31:08
1-3J6VNJIS; Declarada o En Proceso ;,2026-04-07 20:31:25
1-3IW23PUK ; producto erroneo ;,2026-04-07 20:31:32
1-3J72C3CT; falta-stock ;,2026-04-07 20:31:36
1-3J6Z4Y27; falta-stock ;,2026-04-07 20:31:49
1-3J6R7ZNO; Declarada o En Proceso ;,2026-04-07 20:32:02
1-3J75WMV5; Declarada o En Proceso ;,2026-04-07 20:32:25
1-3IW8OI45 ; producto erroneo ;,2026-04-07 20:32:26
1-3J7ORSMF; Declarada o En Proceso ;,2026-04-07 20:33:11
1-3IWTVOJY ; producto erroneo ;,2026-04-07 20:33:20
1-3J65A7Q1; Declarada o En Proceso ;,2026-04-07 20:33:22
1-3J6VUF00; Declarada o En Proceso ;,2026-04-07 20:33:42
1-3J72HOGM; falta-stock ;,2026-04-07 20:33:45
1-3J7H9UM7; Declarada o En Proceso ;,2026-04-07 20:33:56
1-3IXQEAIC ; Codigo de material no reconocido ;,2026-04-07 20:34:08
1-3J6RCC1F; Declarada o En Proceso ;,2026-04-07 20:34:21
1-3J762G0P; Declarada o En Proceso ;,2026-04-07 20:34:34
1-3IXRE4ME ; producto erroneo ;,2026-04-07 20:35:01
1-3J7JVILN; Declarada o En Proceso ;,2026-04-07 20:35:05
1-3J7P0D1O; Declarada o En Proceso ;,2026-04-07 20:35:28
1-3J6W0YBO; Declarada o En Proceso ;,2026-04-07 20:35:29
1-3J6CK52W; Declarada o En Proceso ;,2026-04-07 20:35:31
1-3IXYBHXI ; producto erroneo ;,2026-04-07 20:35:55
1-3J6ZAMNT; Declarada o En Proceso ;,2026-04-07 20:36:00
1-3J7HBC3Q; Declarada o En Proceso ;,2026-04-07 20:36:05
1-3J6RCSKQ; falta-stock ;,2026-04-07 20:36:11
1-3J7JWSKQ; Declarada o En Proceso ;,2026-04-07 20:36:30
1-3IXSKJTU ; Codigo de material no reconocido ;,2026-04-07 20:36:43
1-3J763URV; Declarada o En Proceso ;,2026-04-07 20:36:43
1-3J6W1N30 ; Codigo de material no reconocido ;,2026-04-07 20:36:46
1-3J6D60KL ; Codigo de material no reconocido ;,2026-04-07 20:36:48
1-3J7P18MI; Declarada o En Proceso ;,2026-04-07 20:36:54
1-3IZ8YJMS ; producto erroneo ;,2026-04-07 20:37:37
1-3J7P1RKH ; Codigo de material no reconocido ;,2026-04-07 20:37:49
1-3J6ZCRLI; falta-stock ;,2026-04-07 20:38:05
1-3J7HEFNB; Declarada o En Proceso ;,2026-04-07 20:38:07
1-3J6RMBT5; falta-stock ;,2026-04-07 20:38:08
1-3J72KR4S; falta-stock ;,2026-04-07 20:38:13
1-3J6DGGHW; Declarada o En Proceso ;,2026-04-07 20:38:21
1-3J7K4AT5; Declarada o En Proceso ;,2026-04-07 20:38:25
1-3IZ32K39 ; producto erroneo ;,2026-04-07 20:38:31
1-3J764EJH; falta-stock ;,2026-04-07 20:38:49
1-3J6W2I56; Declarada o En Proceso ;,2026-04-07 20:38:49
1-3J7KCUBB ; Codigo de material no reconocido ;,2026-04-07 20:39:13
1-3IZVTPDT ; Codigo de material no reconocido ;,2026-04-07 20:39:19
1-3J7PALN9; Declarada o En Proceso ;,2026-04-07 20:39:51
1-3J7HEXG8; Declarada o En Proceso ;,2026-04-07 20:39:55
1-3J0K243L ; producto erroneo ;,2026-04-07 20:40:13
1-3J6HHBIS; Declarada o En Proceso ;,2026-04-07 20:40:24
1-3J7KQB17 ; Codigo de material no reconocido ;,2026-04-07 20:40:31
1-3J7HFBJF ; Codigo de material no reconocido ;,2026-04-07 20:40:58
1-3J0Q34Z5 ; producto erroneo ;,2026-04-07 20:41:07
1-3J7KTS3H ; Codigo de material no reconocido ;,2026-04-07 20:41:18
1-3J7PLS5W; Declarada o En Proceso ;,2026-04-07 20:41:32
1-3J6LTVIB ; Codigo de material no reconocido ;,2026-04-07 20:41:41
1-3J6ZSN02; Declarada o En Proceso ;,2026-04-07 20:41:48
1-3J13G8EP ; producto erroneo ;,2026-04-07 20:42:01
1-3J7KUTFG ; Codigo de material no reconocido ;,2026-04-07 20:42:06
1-3J6S67MT; Declarada o En Proceso ;,2026-04-07 20:42:13
1-3J72S71Z; Declarada o En Proceso ;,2026-04-07 20:42:32
1-3J7HI6X1; falta-stock ;,2026-04-07 20:42:34
1-3J6W9WUF; falta-stock ;,2026-04-07 20:42:37
1-3J1Z46V9 ; producto erroneo ;,2026-04-07 20:42:55
1-3J6ZVJR7 ; Codigo de material no reconocido ;,2026-04-07 20:43:05
1-3J7PRXDG; falta-stock ;,2026-04-07 20:43:07
1-3J76DATT; Declarada o En Proceso ;,2026-04-07 20:43:25
1-3J6MLDQY; Declarada o En Proceso ;,2026-04-07 20:43:29
1-3J7KVB5J; Declarada o En Proceso ;,2026-04-07 20:43:32
1-3J2DO59C ; producto erroneo ;,2026-04-07 20:43:49
1-3J6SFR9H; falta-stock ;,2026-04-07 20:43:56
1-3J6WDGKT ; Codigo de material no reconocido ;,2026-04-07 20:44:00
1-3J700QQJ ; Codigo de material no reconocido ;,2026-04-07 20:44:22
1-3J7L1VVH; falta-stock ;,2026-04-07 20:44:31
1-3J2RHUM8 ; producto erroneo ;,2026-04-07 20:44:43
1-3J72TM8C; Declarada o En Proceso ;,2026-04-07 20:44:51
1-3J7PU4NU; falta-stock ;,2026-04-07 20:45:04
1-3J76DK1F; Declarada o En Proceso ;,2026-04-07 20:45:35
1-3J2XNRAH ; producto erroneo ;,2026-04-07 20:45:37
1-3J6MT06Y; Declarada o En Proceso ;,2026-04-07 20:45:38
1-3J7014Z3; falta-stock ;,2026-04-07 20:45:50
1-3J6WI775; falta-stock ;,2026-04-07 20:45:50
1-3J72V4T8 ; Codigo de material no reconocido ;,2026-04-07 20:46:01
1-3J32S0LG ; producto erroneo ;,2026-04-07 20:46:31
1-3J76JW1D; Declarada o En Proceso ;,2026-04-07 20:47:01
1-3J6WQH9A ; Codigo de material no reconocido ;,2026-04-07 20:47:15
1-3J734HQK; Declarada o En Proceso ;,2026-04-07 20:47:28
1-3J7HKTLZ; Declarada o En Proceso ;,2026-04-07 20:47:31
1-3J6MZM1U; Declarada o En Proceso ;,2026-04-07 20:48:06
1-3J76KMA3 ; Codigo de material no reconocido ;,2026-04-07 20:48:12
1-3J6SRLA7; Declarada o En Proceso ;,2026-04-07 20:48:17
1-3J7L5258; Declarada o En Proceso ;,2026-04-07 20:48:35
1-3J7L7AQO ; Codigo de material no reconocido ;,2026-04-07 20:49:23
1-3J73EJV2; Declarada o En Proceso ;,2026-04-07 20:49:39
1-3J7Q1C6Y; Declarada o En Proceso ;,2026-04-07 20:49:49
1-3J7HM676; Declarada o En Proceso ;,2026-04-07 20:49:57
1-3J3NBKYE ; producto erroneo ;,2026-04-07 20:50:02
1-3J6T8QQ9; falta-stock ;,2026-04-07 20:50:08
1-3J6MZSGI; Declarada o En Proceso ;,2026-04-07 20:50:26
1-3J76KVN7; Declarada o En Proceso ;,2026-04-07 20:50:30
1-3J7Q2D4Z ; Codigo de material no reconocido ;,2026-04-07 20:50:36
1-3J3P2P2L ; Codigo de material no reconocido ;,2026-04-07 20:50:50
1-3J7HMD9O ; Codigo de material no reconocido ;,2026-04-07 20:51:07
1-3J7LJPVN; Declarada o En Proceso ;,2026-04-07 20:51:42
1-3J3WB1G7 ; Codigo de material no reconocido ;,2026-04-07 20:51:53
1-3J6XGZNA; Declarada o En Proceso ;,2026-04-07 20:51:53
1-3J77MVXC; Declarada o En Proceso ;,2026-04-07 20:52:05
1-3J73FSV2; Declarada o En Proceso ;,2026-04-07 20:52:14
1-3J7QJWX3; falta-stock ;,2026-04-07 20:52:21
1-3J705UGJ; Declarada o En Proceso ;,2026-04-07 20:52:35
1-3J6N1MHZ; Declarada o En Proceso ;,2026-04-07 20:52:37
1-3J6XJBRR ; Codigo de material no reconocido ;,2026-04-07 20:53:11
1-3J7R600W ; Codigo de material no reconocido ;,2026-04-07 20:53:15
1-3J7HT983; Declarada o En Proceso ;,2026-04-07 20:53:17
1-3J77P16M; Declarada o En Proceso ;,2026-04-07 20:53:32
1-3J73GXMK; Declarada o En Proceso ;,2026-04-07 20:53:40
1-3J3LZHWF; falta-stock ;,2026-04-07 20:53:44
1-3J7HVQ17 ; Codigo de material no reconocido ;,2026-04-07 20:54:05
1-3J707IGH; Declarada o En Proceso ;,2026-04-07 20:54:16
1-3J4L0ZJ7 ; existe un problema con la actividad ;,2026-04-07 20:54:19
1-3J6TUHBS; Declarada o En Proceso ;,2026-04-07 20:54:27
1-3J7RHV4G ; Codigo de material no reconocido ;,2026-04-07 20:54:32
1-3J6N9FEA; Declarada o En Proceso ;,2026-04-07 20:54:48
1-3J77R9MH; Declarada o En Proceso ;,2026-04-07 20:54:58
1-3J7LPQXB; Declarada o En Proceso ;,2026-04-07 20:55:19
1-3J6XJJKT; Declarada o En Proceso ;,2026-04-07 20:55:21
1-3J709N5D ; Codigo de material no reconocido ;,2026-04-07 20:55:41
1-3J7RNTPS ; Codigo de material no reconocido ;,2026-04-07 20:55:43
1-3J6TWTBY ; Codigo de material no reconocido ;,2026-04-07 20:55:45
1-3J73OLWF; Declarada o En Proceso ;,2026-04-07 20:56:15
1-3J7HWD9B; Declarada o En Proceso ;,2026-04-07 20:56:16
1-3J7904KU; Declarada o En Proceso ;,2026-04-07 20:56:24
1-3J7S0BIN ; Codigo de material no reconocido ;,2026-04-07 20:57:00
1-3J6U9TK6 ; Codigo de material no reconocido ;,2026-04-07 20:57:03
1-3J6NJX4U; Declarada o En Proceso ;,2026-04-07 20:57:06
1-3J70BE8R; falta-stock ;,2026-04-07 20:57:10
1-3J7LTOG0; Declarada o En Proceso ;,2026-04-07 20:57:22
1-3J6XYY34; Declarada o En Proceso ;,2026-04-07 20:57:39
1-3J741IZZ; falta-stock ;,2026-04-07 20:57:44
1-3J7E9EYR; Declarada o En Proceso ;,2026-04-07 20:57:50
1-3J7I3COK; Declarada o En Proceso ;,2026-04-07 20:58:35
1-3J744JNA ; Codigo de material no reconocido ;,2026-04-07 20:58:45
1-3J6UBZKX; Declarada o En Proceso ;,2026-04-07 20:59:07
1-3J7EJTPK; Declarada o En Proceso ;,2026-04-07 20:59:17
1-3J6Y2947; falta-stock ;,2026-04-07 20:59:23
1-3J6NLYH0; Declarada o En Proceso ;,2026-04-07 20:59:24
1-3J7M3A6X; Declarada o En Proceso ;,2026-04-07 20:59:40
1-3J6UDYVL; Declarada o En Proceso ;,2026-04-07 21:00:41
1-3J7EO5WL; Declarada o En Proceso ;,2026-04-07 21:00:44
1-3J70KKH3; Declarada o En Proceso ;,2026-04-07 21:00:46
1-3J7I8KVH; Declarada o En Proceso ;,2026-04-07 21:00:46
1-3J7M8W9E; Declarada o En Proceso ;,2026-04-07 21:01:45
1-3J7T8A86; Declarada o En Proceso ;,2026-04-07 21:01:47
1-3J6NPKZB; Declarada o En Proceso ;,2026-04-07 21:01:56
1-3J70OOP0; falta-stock ;,2026-04-07 21:02:12
1-3J6UGD3M; falta-stock ;,2026-04-07 21:02:22
1-3IOGN610 ; producto erroneo ;,2026-04-07 21:03:05
1-3J7EXEPH; Declarada o En Proceso ;,2026-04-07 21:03:08
1-3J746XFQ; Declarada o En Proceso ;,2026-04-07 21:03:09
1-3J7IBKQD; Declarada o En Proceso ;,2026-04-07 21:03:09
1-3J7MD55M; Declarada o En Proceso ;,2026-04-07 21:03:27
1-3J6YD5QZ ; Codigo de material no reconocido ;,2026-04-07 21:03:35
1-3J6NSIND; falta-stock ;,2026-04-07 21:03:55
1-3IP4CXI9 ; producto erroneo ;,2026-04-07 21:04:01
1-3J7EZKRY ; Codigo de material no reconocido ;,2026-04-07 21:04:04
1-3J70PF0A; falta-stock ;,2026-04-07 21:04:06
1-3J7TFZ6R; Declarada o En Proceso ;,2026-04-07 21:04:07
1-3IPY5IMX ; Codigo de material no reconocido ;,2026-04-07 21:04:49
1-3J7MF4QY; Declarada o En Proceso ;,2026-04-07 21:04:53
1-3J7IJZMT; Declarada o En Proceso ;,2026-04-07 21:05:17
1-3J74821K; Declarada o En Proceso ;,2026-04-07 21:05:28
1-3J6O7UWZ; falta-stock ;,2026-04-07 21:05:38
1-3J7FE2ZF; Declarada o En Proceso ;,2026-04-07 21:05:40
1-3IQCMG2B ; producto erroneo ;,2026-04-07 21:05:43
1-3J712H1V; falta-stock ;,2026-04-07 21:05:49
1-3J7TKU8O; Declarada o En Proceso ;,2026-04-07 21:05:56
1-3IQPQ5MN ; producto erroneo ;,2026-04-07 21:06:37
1-3J7TPL1H ; Codigo de material no reconocido ;,2026-04-07 21:06:44
1-3J748TG9; falta-stock ;,2026-04-07 21:07:02
1-3J7MJHDL; Declarada o En Proceso ;,2026-04-07 21:07:10
1-3J6UM3JH; Declarada o En Proceso ;,2026-04-07 21:07:23
1-3IPK5BPW ; Codigo de material no reconocido ;,2026-04-07 21:07:26
1-3J7UTSEG ; Codigo de material no reconocido ;,2026-04-07 21:07:32
1-3J7IN9QH; Declarada o En Proceso ;,2026-04-07 21:07:35
1-3J7FFXKR; Declarada o En Proceso ;,2026-04-07 21:07:59
1-3IR737DQ ; Codigo de material no reconocido ;,2026-04-07 21:08:14
1-3J7UWLLH ; Codigo de material no reconocido ;,2026-04-07 21:08:20
1-3J7IOOJF ; Codigo de material no reconocido ;,2026-04-07 21:08:23
1-3J6UNO0J ; Codigo de material no reconocido ;,2026-04-07 21:08:49
1-3IR7RLQJ ; producto erroneo ;,2026-04-07 21:09:08
1-3J7UYPED ; Codigo de material no reconocido ;,2026-04-07 21:09:09
1-3J7MOA1B; Declarada o En Proceso ;,2026-04-07 21:09:14
1-3IR8GWXQ ; Codigo de material no reconocido ;,2026-04-07 21:09:56
1-3J7VBV57 ; Codigo de material no reconocido ;,2026-04-07 21:09:57
1-3J7IRE0H; falta-stock ;,2026-04-07 21:10:07
1-3J7FH3Q9; Declarada o En Proceso ;,2026-04-07 21:10:18
1-3J6ODTOE; Declarada o En Proceso ;,2026-04-07 21:10:20
1-3J715K6B; Declarada o En Proceso ;,2026-04-07 21:10:40
1-3J7195WG ; Declarada o En Proceso ;,2026-04-07 21:10:49
1-3IRHYMF7 ; producto erroneo ;,2026-04-07 21:10:50
1-3J71AXTK ; Declarada o En Proceso ;,2026-04-07 21:10:57
1-3J71B3MF ; Declarada o En Proceso ;,2026-04-07 21:11:06
1-3J71B7VD ; Declarada o En Proceso ;,2026-04-07 21:11:14
1-3J71DYYH ; Declarada o En Proceso ;,2026-04-07 21:11:23
1-3J7WF245; Declarada o En Proceso ;,2026-04-07 21:11:30
1-3J71M18F ; Declarada o En Proceso ;,2026-04-07 21:11:31
1-3J7MTBM7; Declarada o En Proceso ;,2026-04-07 21:11:32
1-3J71O1G4 ; Declarada o En Proceso ;,2026-04-07 21:11:39
1-3IRVD2YU ; producto erroneo ;,2026-04-07 21:11:45
1-3J6OEVBR; Declarada o En Proceso ;,2026-04-07 21:11:51
1-3J7FI0KO; Declarada o En Proceso ;,2026-04-07 21:12:36
1-3IS20UHL ; producto erroneo ;,2026-04-07 21:12:39
1-3J7X9BSA; Declarada o En Proceso ;,2026-04-07 21:12:56
1-3IS2HVRO ; producto erroneo ;,2026-04-07 21:13:32
1-3J72C3CT; falta-stock ;,2026-04-07 21:13:37
1-3J7XN89T ; Codigo de material no reconocido ;,2026-04-07 21:13:44
1-3J7MV3KC; Declarada o En Proceso ;,2026-04-07 21:13:56
1-3J7FIL2Z; Declarada o En Proceso ;,2026-04-07 21:14:10
1-3IT4GE4U ; producto erroneo ;,2026-04-07 21:14:26
1-3IT5R4CY ; producto erroneo ;,2026-04-07 21:15:20
1-3J72HOGM; falta-stock ;,2026-04-07 21:15:46
1-3J72I153 ; Declarada o En Proceso ;,2026-04-07 21:16:01
1-3IU3GJAX ; producto erroneo ;,2026-04-07 21:16:14
1-3J7GBW7A; Declarada o En Proceso ;,2026-04-07 21:16:20
1-3J7NFCO4; Declarada o En Proceso ;,2026-04-07 21:16:22
1-3ITWOOC8 ; producto erroneo ;,2026-04-07 21:17:08
1-3J72KR4S; falta-stock ;,2026-04-07 21:17:49
1-3IU3KRBE ; producto erroneo ;,2026-04-07 21:18:02
1-3J72PXAZ ; Declarada o En Proceso ;,2026-04-07 21:18:09
1-3J72S71Z ; Declarada o En Proceso ;,2026-04-07 21:18:17
1-3J72TM8C ; Declarada o En Proceso ;,2026-04-07 21:18:26
1-3IUPBFAK ; producto erroneo ;,2026-04-07 21:18:56
1-3J72V4T8 ; Codigo de material no reconocido ;,2026-04-07 21:19:35
1-3J734HQK ; Declarada o En Proceso ;,2026-04-07 21:19:49
1-3IVPUY35 ; producto erroneo ;,2026-04-07 21:19:50
1-3J73EJV2 ; Declarada o En Proceso ;,2026-04-07 21:19:57
1-3J73FSV2 ; Declarada o En Proceso ;,2026-04-07 21:20:06
1-3J73GXMK ; Declarada o En Proceso ;,2026-04-07 21:20:14
1-3J73OLWF ; Declarada o En Proceso ;,2026-04-07 21:20:22
1-3IW23PUK ; producto erroneo ;,2026-04-07 21:20:44
1-3IW8OI45 ; producto erroneo ;,2026-04-07 21:21:38
1-3IWTVOJY ; producto erroneo ;,2026-04-07 21:22:32
1-3IXQEAIC ; Codigo de material no reconocido ;,2026-04-07 21:23:20
1-3IXRE4ME ; producto erroneo ;,2026-04-07 21:24:14
1-3J744JNA; falta-stock ;,2026-04-07 21:24:27
1-3J7458BO ; Declarada o En Proceso ;,2026-04-07 21:24:42
1-3J746XFQ ; Declarada o En Proceso ;,2026-04-07 21:24:50
1-3J74821K ; Declarada o En Proceso ;,2026-04-07 21:24:59
1-3IXYBHXI ; producto erroneo ;,2026-04-07 21:25:08
1-3IXSKJTU ; Codigo de material no reconocido ;,2026-04-07 21:25:55
1-3J748TG9; falta-stock ;,2026-04-07 21:26:32
1-3IZ8YJMS ; producto erroneo ;,2026-04-07 21:26:49
1-3J74CRBT ; Declarada o En Proceso ;,2026-04-07 21:26:53
1-3J74FVG8 ; Declarada o En Proceso ;,2026-04-07 21:27:01
1-3IZ32K39 ; producto erroneo ;,2026-04-07 21:27:43
1-3J74MXIC ; Codigo de material no reconocido ;,2026-04-07 21:27:49
1-3IZVTPDT ; Codigo de material no reconocido ;,2026-04-07 21:28:31
1-3J74ZW80 ; Codigo de material no reconocido ;,2026-04-07 21:28:59
1-3J0K243L ; producto erroneo ;,2026-04-07 21:29:25
1-3J7538K8 ; Codigo de material no reconocido ;,2026-04-07 21:30:08
1-3J75MT3E ; Declarada o En Proceso ;,2026-04-07 21:30:16
1-3J0Q34Z5 ; producto erroneo ;,2026-04-07 21:30:18
1-3J13G8EP ; producto erroneo ;,2026-04-07 21:31:12
1-3J75OUY1; falta-stock ;,2026-04-07 21:32:01
1-3J1Z46V9 ; producto erroneo ;,2026-04-07 21:32:06
1-3J75RC7Y ; Declarada o En Proceso ;,2026-04-07 21:32:21
1-3J75UHC1 ; Declarada o En Proceso ;,2026-04-07 21:32:29
1-3J75V2TS ; Declarada o En Proceso ;,2026-04-07 21:32:37
1-3J75WMV5 ; Declarada o En Proceso ;,2026-04-07 21:32:46
1-3J762G0P ; Declarada o En Proceso ;,2026-04-07 21:32:54
1-3J2DO59C ; producto erroneo ;,2026-04-07 21:33:01
1-3J763URV ; Declarada o En Proceso ;,2026-04-07 21:33:02
1-3J2RHUM8 ; producto erroneo ;,2026-04-07 21:33:54
1-3J2XNRAH ; producto erroneo ;,2026-04-07 21:34:48
1-3J764EJH; falta-stock ;,2026-04-07 21:35:08
1-3J764RDU ; Declarada o En Proceso ;,2026-04-07 21:35:22
1-3J76DATT ; Declarada o En Proceso ;,2026-04-07 21:35:30
1-3J76DK1F ; Declarada o En Proceso ;,2026-04-07 21:35:39
1-3J32S0LG ; producto erroneo ;,2026-04-07 21:35:42
1-3J76JW1D ; Declarada o En Proceso ;,2026-04-07 21:35:47
1-3J33PCUH ; Declarada o En Proceso ;,2026-04-07 21:35:56
1-3J3NBKYE ; producto erroneo ;,2026-04-07 21:36:50
1-3J76KMA3 ; Codigo de material no reconocido ;,2026-04-07 21:36:57
1-3J76KVN7 ; Declarada o En Proceso ;,2026-04-07 21:37:05
1-3J77MVXC ; Declarada o En Proceso ;,2026-04-07 21:37:13
1-3J77P16M ; Declarada o En Proceso ;,2026-04-07 21:37:22
1-3J77R9MH ; Declarada o En Proceso ;,2026-04-07 21:37:30
1-3J3P2P2L ; Codigo de material no reconocido ;,2026-04-07 21:37:38
1-3J7904KU ; Declarada o En Proceso ;,2026-04-07 21:37:38
1-3J7E9EYR ; Declarada o En Proceso ;,2026-04-07 21:37:47
1-3J7EJTPK ; Declarada o En Proceso ;,2026-04-07 21:37:55
1-3J7EO5WL ; Declarada o En Proceso ;,2026-04-07 21:38:03
1-3J7EXEPH ; Declarada o En Proceso ;,2026-04-07 21:38:12
1-3J3WB1G7 ; Codigo de material no reconocido ;,2026-04-07 21:38:40
1-3J3LZHWF; falta-stock ;,2026-04-07 21:40:31
1-3J4L0ZJ7 ; existe un problema con la actividad ;,2026-04-07 21:41:05
1-3J7FE2ZF ; Declarada o En Proceso ;,2026-04-07 21:41:10
1-3J7FFXKR ; Declarada o En Proceso ;,2026-04-07 21:41:19
1-3J7FH3Q9 ; Declarada o En Proceso ;,2026-04-07 21:41:27
1-3J7FI0KO ; Declarada o En Proceso ;,2026-04-07 21:41:35
1-3J7FIL2Z ; Declarada o En Proceso ;,2026-04-07 21:41:43
1-3J7GBW7A ; Declarada o En Proceso ;,2026-04-07 21:41:52
1-3J7GGKRS ; Declarada o En Proceso ;,2026-04-07 21:42:00
1-3J7GIS1F ; Declarada o En Proceso ;,2026-04-07 21:42:08
1-3J7GKPGO ; Declarada o En Proceso ;,2026-04-07 21:42:17
1-3J7GLK9Z ; Codigo de material no reconocido ;,2026-04-07 21:43:49
1-3J7GTLE7; falta-stock ;,2026-04-07 21:45:10
1-3J7GYJIP ; Declarada o En Proceso ;,2026-04-07 21:45:25
1-3J7GZ4SK ; Declarada o En Proceso ;,2026-04-07 21:45:33
1-3J7H1MNK ; Declarada o En Proceso ;,2026-04-07 21:45:41
1-3J7H6BGX; falta-stock ;,2026-04-07 21:47:24
1-3J7H97JU ; Declarada o En Proceso ;,2026-04-07 21:47:38
1-3J7H9UM7 ; Declarada o En Proceso ;,2026-04-07 21:47:47
1-3J7HBC3Q ; Declarada o En Proceso ;,2026-04-07 21:47:55
1-3J7HEFNB ; Declarada o En Proceso ;,2026-04-07 21:48:04
1-3J7HEXG8 ; Declarada o En Proceso ;,2026-04-07 21:48:12
1-3J7HFBJF ; Codigo de material no reconocido ;,2026-04-07 21:49:14
1-3J7HI6X1; falta-stock ;,2026-04-07 21:50:50
1-3J7HJ28U ; Declarada o En Proceso ;,2026-04-07 21:51:04
1-3J7HKTLZ ; Declarada o En Proceso ;,2026-04-07 21:51:12
1-3J7HM676 ; Declarada o En Proceso ;,2026-04-07 21:51:21
1-3J7HMD9O ; Codigo de material no reconocido ;,2026-04-07 21:52:30
1-3J7HT983 ; Declarada o En Proceso ;,2026-04-07 21:52:38
1-3J7HVQ17 ; Codigo de material no reconocido ;,2026-04-07 21:53:26
1-3J7HWD9B ; Declarada o En Proceso ;,2026-04-07 21:53:35
1-3J7I3COK ; Declarada o En Proceso ;,2026-04-07 21:53:43
1-3J7I8KVH ; Declarada o En Proceso ;,2026-04-07 21:53:51
1-3J7IBKQD ; Declarada o En Proceso ;,2026-04-07 21:53:59
1-3J7IJZMT ; Declarada o En Proceso ;,2026-04-07 21:54:08
1-3J7IN9QH ; Declarada o En Proceso ;,2026-04-07 21:54:16
1-3J7IOOJF ; Codigo de material no reconocido ;,2026-04-07 21:55:04
1-3J7IRE0H; falta-stock ;,2026-04-07 21:56:47
1-3J7ITW7W ; Declarada o En Proceso ;,2026-04-07 21:57:01
1-3J7J5HY8 ; Declarada o En Proceso ;,2026-04-07 21:57:09
1-3J7J77ZX ; Declarada o En Proceso ;,2026-04-07 21:57:18
1-3J7J8DJ8 ; Declarada o En Proceso ;,2026-04-07 21:57:26
1-3J7J97YL ; Codigo de material no reconocido ;,2026-04-07 21:58:14
1-3J7JJUV6; falta-stock ;,2026-04-07 21:59:28
1-3J7JMHEB ; Declarada o En Proceso ;,2026-04-07 21:59:42
1-3J7JOPV3 ; Declarada o En Proceso ;,2026-04-07 21:59:51
1-3J7JRBKC; falta-stock ;,2026-04-07 22:01:48
1-3J7JUCC8 ; Declarada o En Proceso ;,2026-04-07 22:02:03
1-3J7JVILN ; Declarada o En Proceso ;,2026-04-07 22:02:11
1-3J7JWSKQ ; Declarada o En Proceso ;,2026-04-07 22:02:19
1-3J7K4AT5 ; Declarada o En Proceso ;,2026-04-07 22:02:27
1-3J7KCUBB ; Codigo de material no reconocido ;,2026-04-07 22:03:15
1-3J7KQB17 ; Codigo de material no reconocido ;,2026-04-07 22:04:32
1-3J7KTS3H ; Codigo de material no reconocido ;,2026-04-07 22:05:20
1-3J7KUTFG ; Codigo de material no reconocido ;,2026-04-07 22:06:08
1-3J7KVB5J ; Declarada o En Proceso ;,2026-04-07 22:06:16
1-3J7L1VVH; falta-stock ;,2026-04-07 22:07:15
1-3J7L4IXZ ; Declarada o En Proceso ;,2026-04-07 22:07:30
1-3J7L5258 ; existe un problema con la actividad ;,2026-04-07 22:07:42
1-3J8O7QFH; falta-stock ;,2026-04-07 22:48:22
1-3J6M70D6; Declarada o En Proceso ;,2026-04-07 22:49:30
1-3J6Z1HNS ; Codigo de material no reconocido ;,2026-04-07 22:49:44
1-3J8FXLYA ; Codigo de material no reconocido ;,2026-04-07 22:50:24
1-3J6Z41ON ; Codigo de material no reconocido ;,2026-04-07 22:50:55
1-3IOGN610 ; producto erroneo ;,2026-04-07 22:50:58
1-3J7T683M; Declarada o En Proceso ;,2026-04-07 22:51:08
1-3J7LWY4T; Declarada o En Proceso ;,2026-04-07 22:51:10
1-3J6O62L0; Declarada o En Proceso ;,2026-04-07 22:51:41
1-3J6OLXBP; falta-stock ;,2026-04-07 22:51:49
1-3J8FZEF8; Declarada o En Proceso ;,2026-04-07 22:51:50
1-3IP4CXI9 ; producto erroneo ;,2026-04-07 22:51:52
1-3J87RZML; Declarada o En Proceso ;,2026-04-07 22:52:07
1-3J87WYQ0; Declarada o En Proceso ;,2026-04-07 22:52:22
1-3IPY5IMX ; Codigo de material no reconocido ;,2026-04-07 22:52:41
1-3J8ODQV1; Declarada o En Proceso ;,2026-04-07 22:52:42
1-3J6Z4Y27; Declarada o En Proceso ;,2026-04-07 22:53:13
1-3J7TD0SC; Declarada o En Proceso ;,2026-04-07 22:53:21
1-3IQCMG2B ; producto erroneo ;,2026-04-07 22:53:35
1-3J7LXQU3; Declarada o En Proceso ;,2026-04-07 22:53:37
1-3J8G1TGR; Declarada o En Proceso ;,2026-04-07 22:53:46
1-3J8OKCO7 ; Codigo de material no reconocido ;,2026-04-07 22:53:52
1-3J6OHLIB; Declarada o En Proceso ;,2026-04-07 22:54:00
1-3J87Y0N3; Declarada o En Proceso ;,2026-04-07 22:54:18
1-3IQPQ5MN ; producto erroneo ;,2026-04-07 22:54:29
1-3J884W0M; Declarada o En Proceso ;,2026-04-07 22:54:47
1-3IPK5BPW ; Codigo de material no reconocido ;,2026-04-07 22:55:17
1-3J7LYRCU; falta-stock ;,2026-04-07 22:55:21
1-3J8G9K9C; falta-stock ;,2026-04-07 22:55:22
1-3J7TEWU1; Declarada o En Proceso ;,2026-04-07 22:55:31
1-3J6PFTVV; falta-stock ;,2026-04-07 22:55:44
1-3J6ZCRLI; Declarada o En Proceso ;,2026-04-07 22:55:46
1-3J6TLCYQ; Declarada o En Proceso ;,2026-04-07 22:55:58
1-3J87Z0U8; Declarada o En Proceso ;,2026-04-07 22:55:59
1-3J8OKFZ6; Declarada o En Proceso ;,2026-04-07 22:56:02
1-3IR737DQ ; Codigo de material no reconocido ;,2026-04-07 22:56:05
1-3J7M1LVE ; Codigo de material no reconocido ;,2026-04-07 22:56:37
1-3J7TGFRE ; Codigo de material no reconocido ;,2026-04-07 22:56:41
1-3IR7RLQJ ; producto erroneo ;,2026-04-07 22:56:59
1-3J889P9D; Declarada o En Proceso ;,2026-04-07 22:57:01
1-3J6ZVJR7 ; Codigo de material no reconocido ;,2026-04-07 22:57:04
1-3J8OMDP5; Declarada o En Proceso ;,2026-04-07 22:57:28
1-3J8814EJ; falta-stock ;,2026-04-07 22:57:35
1-3IR8GWXQ ; Codigo de material no reconocido ;,2026-04-07 22:57:47
1-3J6UWFP8; Declarada o En Proceso ;,2026-04-07 22:58:08
1-3J88FF5A ; Codigo de material no reconocido ;,2026-04-07 22:58:10
1-3J7M2L4G; falta-stock ;,2026-04-07 22:58:20
1-3J700QQJ ; Codigo de material no reconocido ;,2026-04-07 22:58:21
1-3J7THWI6; falta-stock ;,2026-04-07 22:58:37
1-3IRHYMF7 ; producto erroneo ;,2026-04-07 22:58:41
1-3J8OMF9H; Declarada o En Proceso ;,2026-04-07 22:58:55
1-3J8GNKG8 ; Codigo de material no reconocido ;,2026-04-07 22:59:33
1-3IRVD2YU ; producto erroneo ;,2026-04-07 22:59:35
1-3J88I1JR ; Codigo de material no reconocido ;,2026-04-07 22:59:35
1-3J7014Z3; falta-stock ;,2026-04-07 22:59:50
1-3J6V1XUQ; falta-stock ;,2026-04-07 22:59:52
1-3J8OQG31; falta-stock ;,2026-04-07 23:00:24
1-3J7TI8OQ; falta-stock ;,2026-04-07 23:00:27
1-3IS20UHL ; producto erroneo ;,2026-04-07 23:00:30
1-3J6QGTYS; Declarada o En Proceso ;,2026-04-07 23:00:51
1-3J8GRT2T; Declarada o En Proceso ;,2026-04-07 23:01:00
1-3J6VJKTM ; Codigo de material no reconocido ;,2026-04-07 23:01:09
1-3J709N5D ; Codigo de material no reconocido ;,2026-04-07 23:01:21
1-3IS2HVRO ; producto erroneo ;,2026-04-07 23:01:24
1-3J884UPY; Declarada o En Proceso ;,2026-04-07 23:01:41
1-3J6R8ZK8 ; Codigo de material no reconocido ;,2026-04-07 23:02:01
1-3J88MI9P; Declarada o En Proceso ;,2026-04-07 23:02:01
1-3J8GT1V0 ; Codigo de material no reconocido ;,2026-04-07 23:02:10
1-3IT4GE4U ; producto erroneo ;,2026-04-07 23:02:18
1-3J8856R4 ; producto erroneo ;,2026-04-07 23:02:35
1-3J7M5TB2; falta-stock ;,2026-04-07 23:02:43
1-3J88RUMW ; Codigo de material no reconocido ;,2026-04-07 23:02:49
1-3J70BE8R; falta-stock ;,2026-04-07 23:02:50
1-3IT5R4CY ; producto erroneo ;,2026-04-07 23:03:12
1-3IU3GJAX ; producto erroneo ;,2026-04-07 23:04:06
1-3J88XHJP ; Codigo de material no reconocido ;,2026-04-07 23:04:06
1-3J70OOP0; falta-stock ;,2026-04-07 23:04:18
1-3J6RRJWO; Declarada o En Proceso ;,2026-04-07 23:04:18
1-3J7M7IGO; falta-stock ;,2026-04-07 23:04:39
1-3J7U231Y; Declarada o En Proceso ;,2026-04-07 23:04:47
1-3ITWOOC8 ; producto erroneo ;,2026-04-07 23:05:00
1-3J8P4X8W; falta-stock ;,2026-04-07 23:05:05
1-3J6W1HO5; falta-stock ;,2026-04-07 23:05:05
1-3J893X8N; falta-stock ;,2026-04-07 23:05:42
1-3IU3KRBE ; producto erroneo ;,2026-04-07 23:05:54
1-3J70PF0A; falta-stock ;,2026-04-07 23:06:07
1-3J88TCB3 ; Codigo de material no reconocido ;,2026-04-07 23:06:10
1-3J7U248C; Declarada o En Proceso ;,2026-04-07 23:06:12
1-3J6S4ZU0; falta-stock ;,2026-04-07 23:06:16
1-3J8P53Q4 ; Codigo de material no reconocido ;,2026-04-07 23:06:28
1-3J7M90V6; falta-stock ;,2026-04-07 23:06:43
1-3IUPBFAK ; producto erroneo ;,2026-04-07 23:06:48
1-3J7U74VA ; producto erroneo ;,2026-04-07 23:07:06
1-3IVPUY35 ; producto erroneo ;,2026-04-07 23:07:42
1-3J712H1V; falta-stock ;,2026-04-07 23:07:49
1-3J88VENV; Declarada o En Proceso ;,2026-04-07 23:08:35
1-3IW23PUK ; producto erroneo ;,2026-04-07 23:08:35
1-3J8H1GYL; Declarada o En Proceso ;,2026-04-07 23:08:42
1-3J6Y1ZF0 ; Codigo de material no reconocido ;,2026-04-07 23:09:19
1-3IW8OI45 ; producto erroneo ;,2026-04-07 23:09:29
1-3J8PCFAY; Declarada o En Proceso ;,2026-04-07 23:09:49
1-3J72C3CT; falta-stock ;,2026-04-07 23:09:53
1-3J8H4WHK; Declarada o En Proceso ;,2026-04-07 23:10:08
1-3J6SNM14; falta-stock ;,2026-04-07 23:10:10
1-3IWTVOJY ; producto erroneo ;,2026-04-07 23:10:23
1-3J7UOIBM ; Codigo de material no reconocido ;,2026-04-07 23:10:34
1-3J89LN71; Declarada o En Proceso ;,2026-04-07 23:10:37
1-3J7ME2TC; Declarada o En Proceso ;,2026-04-07 23:10:43
1-3J893JWL; Declarada o En Proceso ;,2026-04-07 23:11:00
1-3J8PDGZL ; Codigo de material no reconocido ;,2026-04-07 23:11:07
1-3IXQEAIC ; Codigo de material no reconocido ;,2026-04-07 23:11:11
1-3J8HDCOV ; Codigo de material no reconocido ;,2026-04-07 23:11:17
1-3J6YGKGN; Declarada o En Proceso ;,2026-04-07 23:11:29
1-3J72HOGM; falta-stock ;,2026-04-07 23:12:03
1-3IXRE4ME ; producto erroneo ;,2026-04-07 23:12:05
1-3J89M8J5; falta-stock ;,2026-04-07 23:12:21
1-3J7UPOEI; Declarada o En Proceso ;,2026-04-07 23:12:37
1-3IXYBHXI ; producto erroneo ;,2026-04-07 23:12:59
1-3J7ML60G; Declarada o En Proceso ;,2026-04-07 23:13:00
1-3J8PHUYZ; Declarada o En Proceso ;,2026-04-07 23:13:03
1-3J70DB80; falta-stock ;,2026-04-07 23:13:06
1-3J89C06A; Declarada o En Proceso ;,2026-04-07 23:13:20
1-3J8HE2VM; Declarada o En Proceso ;,2026-04-07 23:13:28
1-3IXSKJTU ; Codigo de material no reconocido ;,2026-04-07 23:13:47
1-3J72KR4S; falta-stock ;,2026-04-07 23:13:59
1-3J89NJN6 ; Codigo de material no reconocido ;,2026-04-07 23:14:08
1-3J89OXL3; falta-stock ;,2026-04-07 23:14:11
1-3J7MQ494; falta-stock ;,2026-04-07 23:14:22
1-3J8PTC9A; Declarada o En Proceso ;,2026-04-07 23:14:29
1-3IZ8YJMS ; producto erroneo ;,2026-04-07 23:14:42
1-3J6TQF8K; Declarada o En Proceso ;,2026-04-07 23:14:52
1-3J89TMGN ; Codigo de material no reconocido ;,2026-04-07 23:14:57
1-3J7UU57J; Declarada o En Proceso ;,2026-04-07 23:14:57
1-3J72V4T8 ; Codigo de material no reconocido ;,2026-04-07 23:15:16
1-3J8PW2U3 ; Codigo de material no reconocido ;,2026-04-07 23:15:17
1-3J89TW9N ; Codigo de material no reconocido ;,2026-04-07 23:15:29
1-3IZ32K39 ; producto erroneo ;,2026-04-07 23:15:37
1-3J8HEU47; Declarada o En Proceso ;,2026-04-07 23:15:56
1-3IZVTPDT ; Codigo de material no reconocido ;,2026-04-07 23:16:25
1-3J7UW16M; falta-stock ;,2026-04-07 23:16:28
1-3J89V9FC; Declarada o En Proceso ;,2026-04-07 23:16:30
1-3J8HJ248 ; Codigo de material no reconocido ;,2026-04-07 23:16:44
1-3J8PWIIY; Declarada o En Proceso ;,2026-04-07 23:16:52
1-3J744JNA; falta-stock ;,2026-04-07 23:17:02
1-3J6UR5NO; Declarada o En Proceso ;,2026-04-07 23:17:07
1-3J89YYB2 ; Codigo de material no reconocido ;,2026-04-07 23:17:19
1-3J0K243L ; producto erroneo ;,2026-04-07 23:17:20
1-3J75T0O8; Declarada o En Proceso ;,2026-04-07 23:17:43
1-3J7N7TQ8; falta-stock ;,2026-04-07 23:18:08
1-3J0Q34Z5 ; producto erroneo ;,2026-04-07 23:18:14
1-3J8HLXVB; Declarada o En Proceso ;,2026-04-07 23:18:26
1-3J8PWYZ4; Declarada o En Proceso ;,2026-04-07 23:18:34
1-3J6UR7VY; Declarada o En Proceso ;,2026-04-07 23:18:41
1-3J748TG9; falta-stock ;,2026-04-07 23:18:44
1-3J13G8EP ; producto erroneo ;,2026-04-07 23:19:09
1-3J8HRA1B ; Codigo de material no reconocido ;,2026-04-07 23:19:22
1-3J8A0OX0; Declarada o En Proceso ;,2026-04-07 23:19:23
1-3J74MXIC ; Codigo de material no reconocido ;,2026-04-07 23:19:39
1-3J7FY7R1; Declarada o En Proceso ;,2026-04-07 23:19:47
1-3J1Z46V9 ; producto erroneo ;,2026-04-07 23:20:04
1-3J7V5HHW; Declarada o En Proceso ;,2026-04-07 23:20:09
1-3J8A0FA8; Declarada o En Proceso ;,2026-04-07 23:20:11
1-3J6WV3E7; Declarada o En Proceso ;,2026-04-07 23:20:16
1-3J8ACJ11 ; producto erroneo ;,2026-04-07 23:20:18
1-3J8PYTHB; falta-stock ;,2026-04-07 23:20:19
1-3J74ZW80 ; Codigo de material no reconocido ;,2026-04-07 23:20:50
1-3J7GIYZ2 ; Codigo de material no reconocido ;,2026-04-07 23:20:59
1-3J2DO59C ; producto erroneo ;,2026-04-07 23:20:59
1-3J8Q349K ; Codigo de material no reconocido ;,2026-04-07 23:21:22
1-3J8HRCZS; Declarada o En Proceso ;,2026-04-07 23:21:27
1-3J7V9BKF; falta-stock ;,2026-04-07 23:21:39
1-3J2RHUM8 ; producto erroneo ;,2026-04-07 23:21:53
1-3J7538K8 ; Codigo de material no reconocido ;,2026-04-07 23:22:01
1-3J7N8DZS; falta-stock ;,2026-04-07 23:22:04
1-3J6XIJSI; Declarada o En Proceso ;,2026-04-07 23:22:20
1-3J8A5CMV; falta-stock ;,2026-04-07 23:22:20
1-3J7GV0S5; Declarada o En Proceso ;,2026-04-07 23:22:46
1-3J2XNRAH ; producto erroneo ;,2026-04-07 23:22:48
1-3J7VB2XE; falta-stock ;,2026-04-07 23:23:16
1-3J8AXPZL; Declarada o En Proceso ;,2026-04-07 23:23:42
1-3J32S0LG ; producto erroneo ;,2026-04-07 23:23:43
1-3J75OUY1; falta-stock ;,2026-04-07 23:23:46
1-3J8HZ9EW; Declarada o En Proceso ;,2026-04-07 23:23:47
1-3J7VBKPM ; Codigo de material no reconocido ;,2026-04-07 23:24:19
1-3J6YO2Z8; Declarada o En Proceso ;,2026-04-07 23:24:25
1-3J3NBKYE ; producto erroneo ;,2026-04-07 23:24:38
1-3J7H4S3E; Declarada o En Proceso ;,2026-04-07 23:24:52
1-3J3P2P2L ; Codigo de material no reconocido ;,2026-04-07 23:25:26
1-3J8QYTZQ; Declarada o En Proceso ;,2026-04-07 23:25:51
1-3J70UAY3; falta-stock ;,2026-04-07 23:25:56
1-3J764EJH; falta-stock ;,2026-04-07 23:26:02
1-3J8BAB95; Declarada o En Proceso ;,2026-04-07 23:26:02
1-3J8APZW0 ; Codigo de material no reconocido ;,2026-04-07 23:26:13
1-3J8I07HP; Declarada o En Proceso ;,2026-04-07 23:26:16
1-3J7HOLC3; Declarada o En Proceso ;,2026-04-07 23:26:27
1-3J3WB1G7 ; Codigo de material no reconocido ;,2026-04-07 23:26:30
1-3J8UD4E2 ; Codigo de material no reconocido ;,2026-04-07 23:26:41
1-3J8BF9Y5 ; Codigo de material no reconocido ;,2026-04-07 23:26:51
1-3J76KMA3 ; Codigo de material no reconocido ;,2026-04-07 23:27:20
1-3J8BLD2D ; producto erroneo ;,2026-04-07 23:27:47
1-3J8BE3XW; falta-stock ;,2026-04-07 23:28:01
1-3J3LZHWF; falta-stock ;,2026-04-07 23:28:26
1-3J7NGP4Z ; Codigo de material no reconocido ;,2026-04-07 23:28:30
1-3J8I6UMJ; Declarada o En Proceso ;,2026-04-07 23:28:39
1-3J7VI9N2; Declarada o En Proceso ;,2026-04-07 23:28:42
1-3J7HVYU5; Declarada o En Proceso ;,2026-04-07 23:28:43
1-3J7GLK9Z ; Codigo de material no reconocido ;,2026-04-07 23:28:56
1-3J4L0ZJ7 ; existe un problema con la actividad ;,2026-04-07 23:29:02
1-3J993U47; Declarada o En Proceso ;,2026-04-07 23:29:11
1-3J7NIWW8 ; Codigo de material no reconocido ;,2026-04-07 23:29:51
1-3J71GDM5; Declarada o En Proceso ;,2026-04-07 23:30:00
1-3J7GTLE7; falta-stock ;,2026-04-07 23:30:21
1-3J7J9OMX; Declarada o En Proceso ;,2026-04-07 23:30:26
1-3J99GRO3; falta-stock ;,2026-04-07 23:30:35
1-3J7NN0PF ; Codigo de material no reconocido ;,2026-04-07 23:30:39
1-3J8I8BC5; Declarada o En Proceso ;,2026-04-07 23:31:00
1-3J7VMFF9; Declarada o En Proceso ;,2026-04-07 23:31:11
1-3J7NR7AE; falta-stock ;,2026-04-07 23:31:55
1-3J7JA0T9; Declarada o En Proceso ;,2026-04-07 23:31:58
1-3J7VO6MO ; Codigo de material no reconocido ;,2026-04-07 23:32:00
1-3J8BNBWL; falta-stock ;,2026-04-07 23:32:04
1-3J7H6BGX; falta-stock ;,2026-04-07 23:32:14
1-3J71KXWY; Declarada o En Proceso ;,2026-04-07 23:32:15
1-3J8BGNSJ; Declarada o En Proceso ;,2026-04-07 23:32:29
1-3J8BRJZR ; Codigo de material no reconocido ;,2026-04-07 23:32:59
1-3J7W3F84 ; Codigo de material no reconocido ;,2026-04-07 23:33:19
1-3J7HFBJF ; Codigo de material no reconocido ;,2026-04-07 23:33:23
1-3J7JWTKK; falta-stock ;,2026-04-07 23:33:50
1-3J72H9EF; falta-stock ;,2026-04-07 23:34:07
1-3J8C1AJH; falta-stock ;,2026-04-07 23:34:28
1-3J99HQ7J; Declarada o En Proceso ;,2026-04-07 23:34:36
1-3J7W83WW ; Codigo de material no reconocido ;,2026-04-07 23:34:37
1-3J8BGPFX; Declarada o En Proceso ;,2026-04-07 23:34:40
1-3J7HI6X1; falta-stock ;,2026-04-07 23:35:00
1-3J72Z5QQ ; Codigo de material no reconocido ;,2026-04-07 23:35:08
1-3J8C38Z1 ; Codigo de material no reconocido ;,2026-04-07 23:35:23
1-3J7NUSOY; falta-stock ;,2026-04-07 23:35:27
1-3J7HMD9O ; Codigo de material no reconocido ;,2026-04-07 23:36:17
1-3J8BJIUZ; Declarada o En Proceso ;,2026-04-07 23:36:29
1-3J7WAD0M; Declarada o En Proceso ;,2026-04-07 23:36:40
1-3J99OG7A; Declarada o En Proceso ;,2026-04-07 23:36:46
1-3J7HVQ17 ; Codigo de material no reconocido ;,2026-04-07 23:37:05
1-3J7IOOJF ; Codigo de material no reconocido ;,2026-04-07 23:37:53
1-3J74L0DK ; producto erroneo ;,2026-04-07 23:37:59
1-3J8IEBK8; Declarada o En Proceso ;,2026-04-07 23:38:14
1-3J8BTT7Z; Declarada o En Proceso ;,2026-04-07 23:38:32
1-3J7WBH3G; Declarada o En Proceso ;,2026-04-07 23:38:38
1-3J99PPRE; Declarada o En Proceso ;,2026-04-07 23:38:50
1-3J7KRC80; Declarada o En Proceso ;,2026-04-07 23:38:51
1-3J75D1WO ; Codigo de material no reconocido ;,2026-04-07 23:38:55
1-3J7OJV9D ; Codigo de material no reconocido ;,2026-04-07 23:39:17
1-3J7IRE0H; falta-stock ;,2026-04-07 23:39:37
1-3J7WCJSJ ; Codigo de material no reconocido ;,2026-04-07 23:39:48
1-3J8IJTMA; Declarada o En Proceso ;,2026-04-07 23:39:48
1-3J77JMKO ; Codigo de material no reconocido ;,2026-04-07 23:39:50
1-3J8CCRJR; falta-stock ;,2026-04-07 23:39:51
1-3J8BWL7H ; Codigo de material no reconocido ;,2026-04-07 23:39:57
1-3J7J97YL ; Codigo de material no reconocido ;,2026-04-07 23:40:31
1-3J8CEPN8 ; Codigo de material no reconocido ;,2026-04-07 23:40:45
1-3J7M08K0; Declarada o En Proceso ;,2026-04-07 23:40:46
1-3J7OP1I4; Declarada o En Proceso ;,2026-04-07 23:40:50
1-3J99Y6MK; Declarada o En Proceso ;,2026-04-07 23:40:53
1-3J8IKIAE; Declarada o En Proceso ;,2026-04-07 23:41:28
1-3J8CLD5P ; Codigo de material no reconocido ;,2026-04-07 23:41:33
1-3J7JJUV6; falta-stock ;,2026-04-07 23:41:45
1-3J7WEJEP; Declarada o En Proceso ;,2026-04-07 23:42:12
1-3J8BXZLK; Declarada o En Proceso ;,2026-04-07 23:42:17
1-3J99YGYN; Declarada o En Proceso ;,2026-04-07 23:42:19
1-3J7PDO8H; falta-stock ;,2026-04-07 23:42:50
1-3J7MAZFU; Declarada o En Proceso ;,2026-04-07 23:43:13
1-3J9A21C7; Declarada o En Proceso ;,2026-04-07 23:43:46
1-3J8IOOAY; Declarada o En Proceso ;,2026-04-07 23:43:47
1-3J7JRBKC; falta-stock ;,2026-04-07 23:43:53
1-3J7F2RC9; falta-stock ;,2026-04-07 23:43:56
1-3J7PDTL4 ; Codigo de material no reconocido ;,2026-04-07 23:44:07
1-3J7WG6QU; Declarada o En Proceso ;,2026-04-07 23:44:17
1-3J7MG22D; Declarada o En Proceso ;,2026-04-07 23:44:40
1-3J8C3KWX; Declarada o En Proceso ;,2026-04-07 23:44:44
1-3J7KCUBB ; Codigo de material no reconocido ;,2026-04-07 23:44:47
1-3J9A787A; Declarada o En Proceso ;,2026-04-07 23:45:13
1-3J8ITPTL; falta-stock ;,2026-04-07 23:45:25
1-3J7WJA8Z ; Codigo de material no reconocido ;,2026-04-07 23:45:28
1-3J8D9P3N; Declarada o En Proceso ;,2026-04-07 23:46:02
1-3J7KQB17 ; Codigo de material no reconocido ;,2026-04-07 23:46:06
1-3J8C4I2W; falta-stock ;,2026-04-07 23:46:14
1-3J7N0XVN; falta-stock ;,2026-04-07 23:46:17
1-3J7KTS3H ; Codigo de material no reconocido ;,2026-04-07 23:46:54
1-3J8J1PTS; falta-stock ;,2026-04-07 23:47:16
1-3J7GDUMN ; Codigo de material no reconocido ;,2026-04-07 23:47:33
1-3J9A7YQX; Declarada o En Proceso ;,2026-04-07 23:47:41
1-3J7KUTFG ; Codigo de material no reconocido ;,2026-04-07 23:47:43
1-3J7WOGYZ; Declarada o En Proceso ;,2026-04-07 23:47:47
1-3J8JAO3G ; Codigo de material no reconocido ;,2026-04-07 23:48:11
1-3J7PMR69; Declarada o En Proceso ;,2026-04-07 23:48:12
1-3J7L1VVH; falta-stock ;,2026-04-07 23:48:43
1-3J7PNV0D ; Codigo de material no reconocido ;,2026-04-07 23:49:15
1-3J7GN7DR; Declarada o En Proceso ;,2026-04-07 23:49:30
1-3J9A9AXI; falta-stock ;,2026-04-07 23:49:33
1-3J7L7AQO ; Codigo de material no reconocido ;,2026-04-07 23:49:38
1-3J7WP617; Declarada o En Proceso ;,2026-04-07 23:50:13
1-3J8DJM52; falta-stock ;,2026-04-07 23:50:17
1-3J7NV6V6 ; Codigo de material no reconocido ;,2026-04-07 23:50:26
1-3J8CDT9C; falta-stock ;,2026-04-07 23:50:50
1-3J7PRGPO; falta-stock ;,2026-04-07 23:51:14
1-3J7NWUI0; Declarada o En Proceso ;,2026-04-07 23:51:24
1-3J7GU7M0; falta-stock ;,2026-04-07 23:51:28
1-3J7OCARX; falta-stock ;,2026-04-07 23:51:54
1-3J7WZBWA; Declarada o En Proceso ;,2026-04-07 23:52:23
1-3J7OFMK2 ; Codigo de material no reconocido ;,2026-04-07 23:52:49
1-3J8JH07L; Declarada o En Proceso ;,2026-04-07 23:53:02
1-3J7O3X43; Declarada o En Proceso ;,2026-04-07 23:53:41
1-3J7P1RKH ; Codigo de material no reconocido ;,2026-04-07 23:53:45
1-3J7X4B6S; falta-stock ;,2026-04-07 23:54:08
1-3J9AB5BH; Declarada o En Proceso ;,2026-04-07 23:54:09
1-3J8CMTGE ; Codigo de material no reconocido ;,2026-04-07 23:54:39
1-3J8JLK30; falta-stock ;,2026-04-07 23:55:03
1-3J7PSZ8O; falta-stock ;,2026-04-07 23:55:05
1-3J7PRXDG; falta-stock ;,2026-04-07 23:55:22
1-3J7O441E; Declarada o En Proceso ;,2026-04-07 23:55:46
1-3J8E6374; Declarada o En Proceso ;,2026-04-07 23:55:48
1-3J7H3FFK; Declarada o En Proceso ;,2026-04-07 23:55:59
1-3J9AD862; Declarada o En Proceso ;,2026-04-07 23:56:14
1-3J8E6Y9A ; Codigo de material no reconocido ;,2026-04-07 23:56:36
1-3J7PU4NU; falta-stock ;,2026-04-07 23:57:20
1-3J8ENG05 ; Codigo de material no reconocido ;,2026-04-07 23:57:25
1-3J7HBZTG; Declarada o En Proceso ;,2026-04-07 23:57:25
1-3J8CSYS0 ; Codigo de material no reconocido ;,2026-04-07 23:58:08
1-3J7PIXVQ; Declarada o En Proceso ;,2026-04-07 23:58:14
1-3J7Q2D4Z ; Codigo de material no reconocido ;,2026-04-07 23:58:15
1-3J7Q28LE ; Codigo de material no reconocido ;,2026-04-07 23:58:40
1-3J9AKIJQ; Declarada o En Proceso ;,2026-04-07 23:58:41
1-3J7XFGX3; Declarada o En Proceso ;,2026-04-07 23:58:52
1-3J8JPVJA; falta-stock ;,2026-04-07 23:59:10
1-3J9ATBDE ; Codigo de material no reconocido ;,2026-04-07 23:59:37
1-3J8ES26W; Declarada o En Proceso ;,2026-04-07 23:59:42
1-3J8CTPES; Declarada o En Proceso ;,2026-04-07 23:59:57
1-3J7QJWX3; falta-stock ;,2026-04-07 23:59:59
1-3J7XKZNK; falta-stock ;,2026-04-08 00:00:22
1-3J8ETVHM ; Codigo de material no reconocido ;,2026-04-08 00:00:31
1-3J7QBXG2; falta-stock ;,2026-04-08 00:00:33
1-3J7R600W ; Codigo de material no reconocido ;,2026-04-08 00:00:54
1-3J8D0T93; falta-stock ;,2026-04-08 00:01:11
1-3J8K9JUU; falta-stock ;,2026-04-08 00:01:13
1-3J9AUH3K; Declarada o En Proceso ;,2026-04-08 00:01:40
1-3J7HNTIQ; Declarada o En Proceso ;,2026-04-08 00:01:58
1-3J7RHV4G ; Codigo de material no reconocido ;,2026-04-08 00:02:11
1-3J7PWZNP; Declarada o En Proceso ;,2026-04-08 00:02:17
1-3J8ETVKO; Declarada o En Proceso ;,2026-04-08 00:02:41
1-3J7RNTPS ; Codigo de material no reconocido ;,2026-04-08 00:02:59
1-3J7HTQU8; Declarada o En Proceso ;,2026-04-08 00:03:25
1-3J9BC642; Declarada o En Proceso ;,2026-04-08 00:03:42
1-3J7QHGUY; falta-stock ;,2026-04-08 00:03:45
1-3J8F0BF2 ; Codigo de material no reconocido ;,2026-04-08 00:03:59
1-3J7S0BIN ; Codigo de material no reconocido ;,2026-04-08 00:04:16
1-3J7XOJPE; Declarada o En Proceso ;,2026-04-08 00:04:17
1-3J7QK2V2; falta-stock ;,2026-04-08 00:04:34
1-3J8KEK2H; falta-stock ;,2026-04-08 00:05:03
1-3J7TPL1H ; Codigo de material no reconocido ;,2026-04-08 00:05:05
1-3J9BEMED; Declarada o En Proceso ;,2026-04-08 00:05:09
1-3J7HTXFP; falta-stock ;,2026-04-08 00:05:16
1-3J8DIQF4; falta-stock ;,2026-04-08 00:05:41
1-3J7UTSEG ; Codigo de material no reconocido ;,2026-04-08 00:05:53
1-3J8F0LU9; Declarada o En Proceso ;,2026-04-08 00:06:09
1-3J7XWH03; Declarada o En Proceso ;,2026-04-08 00:06:13
1-3J9BI7NP ; Codigo de material no reconocido ;,2026-04-08 00:06:34
1-3J7UWLLH ; Codigo de material no reconocido ;,2026-04-08 00:06:41
1-3J8KIN19; falta-stock ;,2026-04-08 00:06:46
1-3J59MOUP ; Codigo de material no reconocido ;,2026-04-08 00:07:14
1-3J7UYPED ; Codigo de material no reconocido ;,2026-04-08 00:07:29
1-3J7Y3Z94 ; Codigo de material no reconocido ;,2026-04-08 00:07:31
1-3J5CHJRB ; producto erroneo ;,2026-04-08 00:08:08
1-3J8F7ODG; Declarada o En Proceso ;,2026-04-08 00:08:13
1-3J7VBV57 ; Codigo de material no reconocido ;,2026-04-08 00:08:17
1-3J8KM5Y5; falta-stock ;,2026-04-08 00:08:29
1-3J7RHCVQ; Declarada o En Proceso ;,2026-04-08 00:08:49
1-3J9BIAKZ; Declarada o En Proceso ;,2026-04-08 00:08:50
1-3J7QKLW5; Declarada o En Proceso ;,2026-04-08 00:09:04
1-3J7XN89T ; Codigo de material no reconocido ;,2026-04-08 00:09:05
1-3J7Y6QE3; Declarada o En Proceso ;,2026-04-08 00:09:19
1-3J7I4A4V; Declarada o En Proceso ;,2026-04-08 00:09:22
1-3J8FWHG0 ; Codigo de material no reconocido ;,2026-04-08 00:09:37
1-3J8KU52H; falta-stock ;,2026-04-08 00:10:04
1-3J9BOXLN; Declarada o En Proceso ;,2026-04-08 00:10:16
1-3J7RR7N7; falta-stock ;,2026-04-08 00:10:40
1-3J5Y2G3E ; producto erroneo ;,2026-04-08 00:10:50
1-3J7I512O; Declarada o En Proceso ;,2026-04-08 00:10:52
1-3J8E04HM; Declarada o En Proceso ;,2026-04-08 00:10:58
1-3J9BZSOZ ; Codigo de material no reconocido ;,2026-04-08 00:11:04
1-3J8KW408; falta-stock ;,2026-04-08 00:11:10
1-3J8G6MPB; Declarada o En Proceso ;,2026-04-08 00:11:11
1-3J7QQG4K; Declarada o En Proceso ;,2026-04-08 00:11:15
1-3J6PRW51 ; Codigo de material no reconocido ;,2026-04-08 00:11:38
1-3J7Y78A2; Declarada o En Proceso ;,2026-04-08 00:11:44
1-3J9CP6BV ; Codigo de material no reconocido ;,2026-04-08 00:12:06
1-3J6SSVN8 ; producto erroneo ;,2026-04-08 00:12:32
1-3J7RVYSI; falta-stock ;,2026-04-08 00:12:36
1-3J8H3O47; Declarada o En Proceso ;,2026-04-08 00:12:45
1-3J8E93YX; Declarada o En Proceso ;,2026-04-08 00:12:52
1-3J9CW4PK ; Codigo de material no reconocido ;,2026-04-08 00:12:54
1-3J8KW995; falta-stock ;,2026-04-08 00:13:00
1-3J7IE9OR; Declarada o En Proceso ;,2026-04-08 00:13:01
1-3J7YEFJS; Declarada o En Proceso ;,2026-04-08 00:13:17
1-3J7QV2F0; falta-stock ;,2026-04-08 00:13:18
1-3J5HF4SZ; falta-stock ;,2026-04-08 00:13:39
1-3J8EEY3M ; Codigo de material no reconocido ;,2026-04-08 00:13:40
1-3J7S8MFK ; Codigo de material no reconocido ;,2026-04-08 00:13:59
1-3J8L22Q1 ; producto erroneo ;,2026-04-08 00:14:00
1-3J8H5CWC; Declarada o En Proceso ;,2026-04-08 00:14:18
1-3J7IOZDK ; Codigo de material no reconocido ;,2026-04-08 00:14:18
1-3J9CWADT; falta-stock ;,2026-04-08 00:14:22
1-3J7YG1J9 ; Codigo de material no reconocido ;,2026-04-08 00:14:34
1-3J7QY2C4; falta-stock ;,2026-04-08 00:14:45
1-3J7S9P6X ; Codigo de material no reconocido ;,2026-04-08 00:15:02
1-3J8HE12I ; Codigo de material no reconocido ;,2026-04-08 00:15:06
1-3J9D5ZS4 ; Codigo de material no reconocido ;,2026-04-08 00:15:17
1-3J8L2IZJ ; Codigo de material no reconocido ;,2026-04-08 00:15:19
1-3J8ELOCU; Declarada o En Proceso ;,2026-04-08 00:15:20
1-3J7T9C4T ; Codigo de material no reconocido ;,2026-04-08 00:15:50
1-3J7YIWFT; Declarada o En Proceso ;,2026-04-08 00:16:00
1-3J9DE71I ; Codigo de material no reconocido ;,2026-04-08 00:16:04
1-3J8EUURT ; Codigo de material no reconocido ;,2026-04-08 00:16:08
1-3J7R0ZKG; falta-stock ;,2026-04-08 00:16:34
1-3J7ITNSS; Declarada o En Proceso ;,2026-04-08 00:16:35
1-3J8HVQCT; falta-stock ;,2026-04-08 00:16:42
1-3J5JCCNY ; Codigo de material no reconocido ;,2026-04-08 00:17:05
1-3J7YKNH7 ; Codigo de material no reconocido ;,2026-04-08 00:17:16
1-3J8IRPUU; falta-stock ;,2026-04-08 00:17:54
1-3J8EWKF5; Declarada o En Proceso ;,2026-04-08 00:17:56
1-3J7IZ00X; Declarada o En Proceso ;,2026-04-08 00:18:30
1-3J5N6VEU; Declarada o En Proceso ;,2026-04-08 00:18:35
1-3J8J4AIG ; Codigo de material no reconocido ;,2026-04-08 00:18:48
1-3J7YU35F; Declarada o En Proceso ;,2026-04-08 00:18:57
1-3J9DNMSF ; Codigo de material no reconocido ;,2026-04-08 00:18:59
1-3J31LFNF; falta-stock ;,2026-04-08 00:19:00
1-3J9DVE2F ; Codigo de material no reconocido ;,2026-04-08 00:19:46
1-3J8L8EXW; Declarada o En Proceso ;,2026-04-08 00:19:57
1-3J5NFU25 ; Codigo de material no reconocido ;,2026-04-08 00:20:00
1-3J7UGRCW; falta-stock ;,2026-04-08 00:20:12
1-3J8EXMFG; Declarada o En Proceso ;,2026-04-08 00:20:12
1-3J7YV0R0 ; Codigo de material no reconocido ;,2026-04-08 00:20:14
1-3J4A6PPS; falta-stock ;,2026-04-08 00:20:27
1-3J7R8IVN ; Codigo de material no reconocido ;,2026-04-08 00:20:29
1-3J7J9C8C; Declarada o En Proceso ;,2026-04-08 00:20:32
1-3J8LBLNB ; Codigo de material no reconocido ;,2026-04-08 00:20:44
1-3J5XFSAQ ; Codigo de material no reconocido ;,2026-04-08 00:20:55
1-3J7VL7K3; falta-stock ;,2026-04-08 00:22:01
1-3J9DWCFG; Declarada o En Proceso ;,2026-04-08 00:22:03
1-3J8LHSG9 ; Codigo de material no reconocido ;,2026-04-08 00:22:08
1-3J7Z4G15; Declarada o En Proceso ;,2026-04-08 00:22:16
1-3J4LMST7; falta-stock ;,2026-04-08 00:22:16
1-3J64TEDN; Declarada o En Proceso ;,2026-04-08 00:22:20
1-3J7JCWLG; Declarada o En Proceso ;,2026-04-08 00:22:58
1-3J7RF4Y0; Declarada o En Proceso ;,2026-04-08 00:23:11
1-3J9E1WV0; falta-stock ;,2026-04-08 00:23:40
1-3J7X2FLW; falta-stock ;,2026-04-08 00:23:43
1-3J8J7I60; Declarada o En Proceso ;,2026-04-08 00:23:44
1-3J6C15BO; falta-stock ;,2026-04-08 00:24:04
1-3J8LWXUZ; falta-stock ;,2026-04-08 00:24:06
1-3J7JRYNX ; Codigo de material no reconocido ;,2026-04-08 00:24:07
1-3J8LO83U ; Codigo de material no reconocido ;,2026-04-08 00:24:32
1-3J7Z5H6X; Declarada o En Proceso ;,2026-04-08 00:24:33
1-3J9E30PQ ; Codigo de material no reconocido ;,2026-04-08 00:24:33
1-3J8F89I7; Declarada o En Proceso ;,2026-04-08 00:24:43
1-3J7RH21N; falta-stock ;,2026-04-08 00:25:02
1-3J8M74DT ; Codigo de material no reconocido ;,2026-04-08 00:25:15
1-3J7XAN0U; falta-stock ;,2026-04-08 00:25:18
1-3J8MNW91 ; Codigo de material no reconocido ;,2026-04-08 00:25:20
1-3J7K7YCP; falta-stock ;,2026-04-08 00:25:51
1-3J7ZAP2J; Declarada o En Proceso ;,2026-04-08 00:25:59
1-3J8MQRHY ; producto erroneo ;,2026-04-08 00:26:14
1-3J8MBPYB; falta-stock ;,2026-04-08 00:26:59
1-3J59ZB2J; Declarada o En Proceso ;,2026-04-08 00:27:28
1-3J7ZAYVR; Declarada o En Proceso ;,2026-04-08 00:27:48
1-3J8MPALY ; Codigo de material no reconocido ;,2026-04-08 00:27:53
1-3J9EFMOF ; producto erroneo ;,2026-04-08 00:28:15
1-3J5EDLXR ; Codigo de material no reconocido ;,2026-04-08 00:28:38
1-3J8FD30G; Declarada o En Proceso ;,2026-04-08 00:28:49
1-3J8MST75 ; Codigo de material no reconocido ;,2026-04-08 00:29:03
1-3J9EKJWU ; Codigo de material no reconocido ;,2026-04-08 00:29:03
1-3J7ZC9O0; falta-stock ;,2026-04-08 00:29:09
1-3J7Y7YIR; falta-stock ;,2026-04-08 00:29:39
1-3J8OL84S; Declarada o En Proceso ;,2026-04-08 00:29:50
1-3J5HXW1Q; falta-stock ;,2026-04-08 00:29:59
1-3J7RMTK6; Declarada o En Proceso ;,2026-04-08 00:30:12
1-3J7KBH7V; Declarada o En Proceso ;,2026-04-08 00:30:43
1-3J7ZUD7K; falta-stock ;,2026-04-08 00:30:51
1-3J8FHUWW; Declarada o En Proceso ;,2026-04-08 00:31:05
1-3J25Z6TL ; Codigo de material no reconocido ;,2026-04-08 00:31:07
1-3J7RPNW5 ; Codigo de material no reconocido ;,2026-04-08 00:31:15
1-3J800L5R ; Codigo de material no reconocido ;,2026-04-08 00:31:59
1-3J7KKPXY; falta-stock ;,2026-04-08 00:32:18
1-3J8FOEZA; Declarada o En Proceso ;,2026-04-08 00:32:30
1-3J7RQ76E; Declarada o En Proceso ;,2026-04-08 00:32:41
1-3J86BQNM ; Codigo de material no reconocido ;,2026-04-08 00:32:53
1-3J4967DG; Declarada o En Proceso ;,2026-04-08 00:33:16
1-3J9EWY0Z; falta-stock ;,2026-04-08 00:33:32
1-3J8MW3YM; Declarada o En Proceso ;,2026-04-08 00:33:46
1-3J86PBP4 ; Codigo de material no reconocido ;,2026-04-08 00:33:49
1-3J7RUIGZ ; Codigo de material no reconocido ;,2026-04-08 00:33:50
1-3J8FQJQ7; Declarada o En Proceso ;,2026-04-08 00:34:25
1-3J9EZSJP ; Codigo de material no reconocido ;,2026-04-08 00:34:26
1-3J5MIELR; Declarada o En Proceso ;,2026-04-08 00:34:31
1-3J86T2X0; Declarada o En Proceso ;,2026-04-08 00:35:14
1-3J4IOVW9; Declarada o En Proceso ;,2026-04-08 00:35:15
1-3J8FTCWV ; Codigo de material no reconocido ;,2026-04-08 00:35:42
1-3J8N3WB6; Declarada o En Proceso ;,2026-04-08 00:36:06
1-3J9F02M6; falta-stock ;,2026-04-08 00:36:09
1-3J4IZ9Q8 ; Codigo de material no reconocido ;,2026-04-08 00:36:10
1-3J7RX8UH; Declarada o En Proceso ;,2026-04-08 00:36:10
1-3J8FTI8P ; Codigo de material no reconocido ;,2026-04-08 00:36:37
1-3J5VJISU; Declarada o En Proceso ;,2026-04-08 00:36:47
1-3J85R5XL ; Codigo de material no reconocido ;,2026-04-08 00:37:07
1-3J86X8YU ; existe un problema con la actividad ;,2026-04-08 00:37:50
1-3J4LMFY6; Declarada o En Proceso ;,2026-04-08 00:38:14
1-3J8FW10W; Declarada o En Proceso ;,2026-04-08 00:38:51
1-3J7KWHCQ; Declarada o En Proceso ;,2026-04-08 00:38:58
1-3J85VL2G; Declarada o En Proceso ;,2026-04-08 00:39:04
1-3J5W99O0; Declarada o En Proceso ;,2026-04-08 00:39:30
1-3J5B9XGJ; falta-stock ;,2026-04-08 00:39:58
1-3J9G3AWA ; Codigo de material no reconocido ;,2026-04-08 00:39:58
1-3J867GSA; falta-stock ;,2026-04-08 00:40:47
1-3J9GABF8 ; Codigo de material no reconocido ;,2026-04-08 00:40:53
1-3J5WBHTF; Declarada o En Proceso ;,2026-04-08 00:41:18
1-3J86ANRJ ; Codigo de material no reconocido ;,2026-04-08 00:42:10
1-3J9GFKJO; Declarada o En Proceso ;,2026-04-08 00:43:02
1-3J5X27CB; Declarada o En Proceso ;,2026-04-08 00:43:27
1-3J9H59N2 ; producto erroneo ;,2026-04-08 00:43:56
1-3J62SNB9; falta-stock ;,2026-04-08 00:44:55
1-3J9H9SQL; falta-stock ;,2026-04-08 00:46:01
1-3J6D60KL ; Codigo de material no reconocido ;,2026-04-08 00:46:18
1-3J61XA5V; Declarada o En Proceso ;,2026-04-08 00:46:58
1-3J9HZNRO ; Codigo de material no reconocido ;,2026-04-08 00:47:09
1-3J6LTVIB ; Codigo de material no reconocido ;,2026-04-08 00:47:34
1-3J86ZSOY; Declarada o En Proceso ;,2026-04-08 00:48:27
1-3J9J6LRO; falta-stock ;,2026-04-08 00:48:53
1-3J6CBZKW; falta-stock ;,2026-04-08 00:49:02
1-3J6NSIND; falta-stock ;,2026-04-08 00:49:30
1-3J9JBD2Z ; Codigo de material no reconocido ;,2026-04-08 00:49:47
1-3J6DODC9 ; producto erroneo ;,2026-04-08 00:50:02
1-3J876PE0; falta-stock ;,2026-04-08 00:50:10
1-3J6O7UWZ; falta-stock ;,2026-04-08 00:51:12
1-3J87BVQT ; Codigo de material no reconocido ;,2026-04-08 00:51:33
1-3J6P5FUO; falta-stock ;,2026-04-08 00:52:46
1-3J87KKZE; falta-stock ;,2026-04-08 00:53:01
1-3J9JWJXQ ; Codigo de material no reconocido ;,2026-04-08 00:53:13
1-3J9KGKHR ; Codigo de material no reconocido ;,2026-04-08 00:54:00
1-3J6R5BU5 ; Codigo de material no reconocido ;,2026-04-08 00:54:01
1-3J6MZ9U6; Declarada o En Proceso ;,2026-04-08 00:54:29
1-3J9KLLYE; falta-stock ;,2026-04-08 00:55:43
1-3J6RCSKQ; falta-stock ;,2026-04-08 00:55:51
1-3J6NCLGT; falta-stock ;,2026-04-08 00:56:12
1-3J86X8YU; falta-stock ;,2026-04-08 01:24:54
1-3J87NL66; falta-stock ;,2026-04-08 01:26:27
1-3J7KZC0V ; Codigo de material no reconocido ;,2026-04-08 01:26:37
1-3J9MM3K7; falta-stock ;,2026-04-08 01:26:59
1-3J6Y2947; falta-stock ;,2026-04-08 01:27:07
1-3J6W9WUF; falta-stock ;,2026-04-08 01:27:10
1-3J6SFR9H; falta-stock ;,2026-04-08 01:27:31
1-3J7LM6IF; Declarada o En Proceso ;,2026-04-08 01:27:36
1-3J9MTVNO ; Codigo de material no reconocido ;,2026-04-08 01:27:53
1-3J8NC3RU; Declarada o En Proceso ;,2026-04-08 01:27:58
1-3J87NNXN ; Codigo de material no reconocido ;,2026-04-08 01:28:03
1-3J7S7JEX; Declarada o En Proceso ;,2026-04-08 01:28:05
1-3J6WDGKT ; Codigo de material no reconocido ;,2026-04-08 01:28:33
1-3J9N2EA4 ; Codigo de material no reconocido ;,2026-04-08 01:28:41
1-3J7KZDF5; Declarada o En Proceso ;,2026-04-08 01:29:05
1-3J6T8QQ9; falta-stock ;,2026-04-08 01:29:28
1-3J9N2N7I ; Codigo de material no reconocido ;,2026-04-08 01:29:28
1-3J7L3U5C ; Codigo de material no reconocido ;,2026-04-08 01:29:53
1-3J87QGT4; falta-stock ;,2026-04-08 01:29:54
1-3J7SO7C3; falta-stock ;,2026-04-08 01:29:55
1-3J871WE9; Declarada o En Proceso ;,2026-04-08 01:29:58
1-3J7LVOF6; Declarada o En Proceso ;,2026-04-08 01:30:00
1-3J8NDMKN; Declarada o En Proceso ;,2026-04-08 01:30:09
1-3J9N5CH9 ; Codigo de material no reconocido ;,2026-04-08 01:30:16
1-3J6WI775; falta-stock ;,2026-04-08 01:30:24
1-3J6TWTBY ; Codigo de material no reconocido ;,2026-04-08 01:30:51
1-3J9N7CWD ; Codigo de material no reconocido ;,2026-04-08 01:31:04
1-3J6UXR75 ; Codigo de material no reconocido ;,2026-04-08 01:31:10
1-3J6YD5QZ ; Codigo de material no reconocido ;,2026-04-08 01:31:10
1-3J6WQH9A ; Codigo de material no reconocido ;,2026-04-08 01:31:47
1-3J7L787D; Declarada o En Proceso ;,2026-04-08 01:31:48
1-3J9NMHQY ; Codigo de material no reconocido ;,2026-04-08 01:31:52
1-3J8NGJLW; Declarada o En Proceso ;,2026-04-08 01:31:57
1-3J6U9TK6 ; Codigo de material no reconocido ;,2026-04-08 01:32:08
1-3J6W1N30 ; Codigo de material no reconocido ;,2026-04-08 01:32:27
1-3J87DS1K; Declarada o En Proceso ;,2026-04-08 01:32:33
1-3J9O8GSF ; Codigo de material no reconocido ;,2026-04-08 01:32:40
1-3J6YN0T1; falta-stock ;,2026-04-08 01:32:53
1-3J6XJBRR ; Codigo de material no reconocido ;,2026-04-08 01:33:05
1-3J7LDWNB ; Codigo de material no reconocido ;,2026-04-08 01:33:20
1-3J7T0G45 ; Codigo de material no reconocido ;,2026-04-08 01:33:22
1-3J8NOZYR; falta-stock ;,2026-04-08 01:33:41
1-3J6UGD3M; falta-stock ;,2026-04-08 01:33:42
1-3J7T0UWK ; Codigo de material no reconocido ;,2026-04-08 01:34:39
1-3J6YXPE8; falta-stock ;,2026-04-08 01:34:57
1-3J6UNO0J ; Codigo de material no reconocido ;,2026-04-08 01:35:12
1-3J7LJGDQ; Declarada o En Proceso ;,2026-04-08 01:35:38
1-3J9Q0LAN ; producto erroneo ;,2026-04-08 01:35:41
1-3J9S41R7 ; Codigo de material no reconocido ;,2026-04-08 01:36:29
1-3J7T0XAD; Declarada o En Proceso ;,2026-04-08 01:36:34
1-3J6UQEAA; falta-stock ;,2026-04-08 01:37:18
1-3J8NYGAN; Declarada o En Proceso ;,2026-04-08 01:37:31
1-3J7T0XP7; Declarada o En Proceso ;,2026-04-08 01:38:35
1-3J7J97YL ; Codigo de material no reconocido ;,2026-04-08 02:46:47
1-3IOGN610 ; existe un problema con la actividad ;,2026-04-08 02:46:48
1-3J7PDTL4 ; Codigo de material no reconocido ;,2026-04-08 02:47:14
1-3J7S0BIN ; Codigo de material no reconocido ;,2026-04-08 02:47:18
1-3J6Z1HNS ; Codigo de material no reconocido ;,2026-04-08 02:47:19
1-3J72Z5QQ ; Codigo de material no reconocido ;,2026-04-08 02:47:24
1-3J62SNB9; falta-stock ;,2026-04-08 02:47:28
1-3J744JNA; falta-stock ;,2026-04-08 02:47:44
1-3J6UGD3M; falta-stock ;,2026-04-08 02:47:53
1-3J7TPL1H ; Codigo de material no reconocido ;,2026-04-08 02:48:06
1-3J7LYRCU; Declarada o En Proceso ;,2026-04-08 02:48:17
1-3J7PNV0D ; Codigo de material no reconocido ;,2026-04-08 02:48:17
1-3J7JJUV6; Declarada o En Proceso ;,2026-04-08 02:48:28
1-3J6Z41ON ; Codigo de material no reconocido ;,2026-04-08 02:48:29
1-3J74L0DK; Declarada o En Proceso ;,2026-04-08 02:48:50
1-3J6D60KL ; Codigo de material no reconocido ;,2026-04-08 02:48:52
1-3J7UTSEG ; Codigo de material no reconocido ;,2026-04-08 02:48:54
1-3J6UNO0J ; Codigo de material no reconocido ;,2026-04-08 02:49:25
1-3J748TG9; falta-stock ;,2026-04-08 02:49:25
1-3J7M1LVE ; Codigo de material no reconocido ;,2026-04-08 02:49:27
1-3J7UWLLH ; Codigo de material no reconocido ;,2026-04-08 02:49:42
1-3J75D1WO ; Codigo de material no reconocido ;,2026-04-08 02:49:45
1-3J6ZVJR7 ; Codigo de material no reconocido ;,2026-04-08 02:49:46
1-3IOGN610 ; existe un problema con la actividad ;,2026-04-08 02:49:50
1-3J6LTVIB ; Codigo de material no reconocido ;,2026-04-08 02:50:09
1-3J74MXIC ; Codigo de material no reconocido ;,2026-04-08 02:50:19
1-3J7UYPED ; Codigo de material no reconocido ;,2026-04-08 02:50:30
1-3J77JMKO ; Codigo de material no reconocido ;,2026-04-08 02:50:40
1-3J7PRGPO; Declarada o En Proceso ;,2026-04-08 02:50:44
1-3J7JRBKC; Declarada o En Proceso ;,2026-04-08 02:50:54
1-3J700QQJ ; Codigo de material no reconocido ;,2026-04-08 02:51:04
1-3J7VBV57 ; Codigo de material no reconocido ;,2026-04-08 02:51:18
1-3J74ZW80 ; Codigo de material no reconocido ;,2026-04-08 02:51:29
1-3J7KCUBB ; Codigo de material no reconocido ;,2026-04-08 02:51:42
1-3J7M2L4G; Declarada o En Proceso ;,2026-04-08 02:51:46
1-3J7PSZ8O; falta-stock ;,2026-04-08 02:51:51
1-3J7XN89T ; Codigo de material no reconocido ;,2026-04-08 02:52:06
1-3IP4CXI9 ; producto erroneo ;,2026-04-08 02:52:30
1-3J7F2RC9; falta-stock ;,2026-04-08 02:52:36
1-3J7538K8 ; Codigo de material no reconocido ;,2026-04-08 02:52:39
1-3J7Q28LE ; Codigo de material no reconocido ;,2026-04-08 02:52:45
1-3J7014Z3; Declarada o En Proceso ;,2026-04-08 02:52:59
1-3J7KQB17 ; Codigo de material no reconocido ;,2026-04-08 02:52:59
1-3IPY5IMX ; Codigo de material no reconocido ;,2026-04-08 02:53:18
1-3J7M5TB2; falta-stock ;,2026-04-08 02:53:21
1-3J6UXR75 ; Codigo de material no reconocido ;,2026-04-08 02:53:29
1-3J7GDUMN ; Codigo de material no reconocido ;,2026-04-08 02:53:30
1-3J7KTS3H ; Codigo de material no reconocido ;,2026-04-08 02:53:47
1-3IQCMG2B ; producto erroneo ;,2026-04-08 02:54:12
1-3J75OUY1; falta-stock ;,2026-04-08 02:54:22
1-3J709N5D ; Codigo de material no reconocido ;,2026-04-08 02:54:23
1-3J6O7UWZ; falta-stock ;,2026-04-08 02:54:35
1-3J7KUTFG ; Codigo de material no reconocido ;,2026-04-08 02:54:35
1-3J6W1N30 ; Codigo de material no reconocido ;,2026-04-08 02:54:46
1-3IQPQ5MN ; producto erroneo ;,2026-04-08 02:55:06
1-3J70BE8R; falta-stock ;,2026-04-08 02:55:53
1-3IPK5BPW ; Codigo de material no reconocido ;,2026-04-08 02:55:53
1-3J7L1VVH; Declarada o En Proceso ;,2026-04-08 02:56:04
1-3J6P5FUO; falta-stock ;,2026-04-08 02:56:09
1-3J6W9WUF; falta-stock ;,2026-04-08 02:56:28
1-3J5JCCNY; Declarada o En Proceso ;,2026-04-08 02:56:29
1-3J7QK2V2; falta-stock ;,2026-04-08 02:56:38
1-3IR737DQ ; Codigo de material no reconocido ;,2026-04-08 02:56:41
1-3J7L7AQO ; Codigo de material no reconocido ;,2026-04-08 02:56:52
1-3J5NFU25 ; Codigo de material no reconocido ;,2026-04-08 02:57:17
1-3J6R5BU5 ; Codigo de material no reconocido ;,2026-04-08 02:57:25
1-3IR7RLQJ ; producto erroneo ;,2026-04-08 02:57:35
1-3J7NV6V6 ; Codigo de material no reconocido ;,2026-04-08 02:57:40
1-3J6WDGKT ; Codigo de material no reconocido ;,2026-04-08 02:57:51
1-3J7M90V6; falta-stock ;,2026-04-08 02:58:04
1-3J7HTXFP; falta-stock ;,2026-04-08 02:58:09
1-3IR8GWXQ ; Codigo de material no reconocido ;,2026-04-08 02:58:23
1-3J76KMA3 ; Codigo de material no reconocido ;,2026-04-08 02:58:25
1-3J7QV2F0; falta-stock ;,2026-04-08 02:58:47
1-3J7MQ494 ; Codigo de material no reconocido ;,2026-04-08 02:59:12
1-3IRHYMF7 ; producto erroneo ;,2026-04-08 02:59:17
1-3J5XFSAQ; Declarada o En Proceso ;,2026-04-08 02:59:30
1-3J7IOZDK ; Codigo de material no reconocido ;,2026-04-08 02:59:32
1-3J7OCARX; Declarada o En Proceso ;,2026-04-08 02:59:35
1-3J6WI775; falta-stock ;,2026-04-08 02:59:41
1-3J70PF0A; falta-stock ;,2026-04-08 02:59:52
1-3J7GLK9Z ; Codigo de material no reconocido ;,2026-04-08 02:59:56
1-3J7OFMK2 ; Codigo de material no reconocido ;,2026-04-08 03:00:23
1-3J7JRYNX ; Codigo de material no reconocido ;,2026-04-08 03:00:42
1-3J6WQH9A ; Codigo de material no reconocido ;,2026-04-08 03:01:04
1-3J6C15BO; falta-stock ;,2026-04-08 03:01:13
1-3J7P1RKH ; Codigo de material no reconocido ;,2026-04-08 03:01:18
1-3J7GTLE7; Declarada o En Proceso ;,2026-04-08 03:01:52
1-3IS20UHL ; producto erroneo ;,2026-04-08 03:02:10
1-3J6XJBRR ; Codigo de material no reconocido ;,2026-04-08 03:02:21
1-3J6RMBT5; Declarada o En Proceso ;,2026-04-08 03:02:24
1-3J7R0ZKG; falta-stock ;,2026-04-08 03:02:46
1-3J7N8DZS ; Codigo de material no reconocido ;,2026-04-08 03:02:47
1-3IS2HVRO ; producto erroneo ;,2026-04-08 03:03:04
1-3J7PRXDG; Declarada o En Proceso ;,2026-04-08 03:03:24
1-3J7NGP4Z ; Codigo de material no reconocido ;,2026-04-08 03:03:42
1-3J7R8IVN ; Codigo de material no reconocido ;,2026-04-08 03:03:54
1-3IT4GE4U ; producto erroneo ;,2026-04-08 03:03:58
1-3J7H6BGX; Declarada o En Proceso ;,2026-04-08 03:04:05
1-3J72C3CT; falta-stock ;,2026-04-08 03:04:06
1-3IT5R4CY ; producto erroneo ;,2026-04-08 03:04:52
1-3J7NIWW8 ; Codigo de material no reconocido ;,2026-04-08 03:04:59
1-3J6R8ZK8 ; Codigo de material no reconocido ;,2026-04-08 03:05:01
1-3J7KKPXY; falta-stock ;,2026-04-08 03:05:02
1-3J7HFBJF ; Codigo de material no reconocido ;,2026-04-08 03:05:07
1-3J7PU4NU; falta-stock ;,2026-04-08 03:05:14
1-3IU3GJAX ; producto erroneo ;,2026-04-08 03:05:46
1-3J6YD5QZ ; Codigo de material no reconocido ;,2026-04-08 03:06:03
1-3J7Q2D4Z ; Codigo de material no reconocido ;,2026-04-08 03:06:08
1-3J7KZC0V ; Codigo de material no reconocido ;,2026-04-08 03:06:18
1-3J6T8QQ9; falta-stock ;,2026-04-08 03:06:28
1-3J7NN0PF; Declarada o En Proceso ;,2026-04-08 03:06:32
1-3ITWOOC8 ; producto erroneo ;,2026-04-08 03:06:40
1-3J6S4ZU0; falta-stock ;,2026-04-08 03:06:43
1-3J7HI6X1; Declarada o En Proceso ;,2026-04-08 03:07:02
1-3J7L3U5C ; Codigo de material no reconocido ;,2026-04-08 03:07:06
1-3IU3KRBE ; producto erroneo ;,2026-04-08 03:07:34
1-3J6YN0T1; falta-stock ;,2026-04-08 03:07:46
1-3J7NR7AE; falta-stock ;,2026-04-08 03:07:46
1-3J7HMD9O ; Codigo de material no reconocido ;,2026-04-08 03:07:50
1-3J7QJWX3; falta-stock ;,2026-04-08 03:07:51
1-3J6TWTBY ; Codigo de material no reconocido ;,2026-04-08 03:07:51
1-3IUPBFAK ; producto erroneo ;,2026-04-08 03:08:27
1-3J6SNM14; falta-stock ;,2026-04-08 03:08:32
1-3J7LDWNB ; Codigo de material no reconocido ;,2026-04-08 03:08:37
1-3J7HVQ17 ; Codigo de material no reconocido ;,2026-04-08 03:08:38
1-3J7R600W ; Codigo de material no reconocido ;,2026-04-08 03:08:45
1-3J72KR4S; falta-stock ;,2026-04-08 03:08:56
1-3J6U9TK6 ; Codigo de material no reconocido ;,2026-04-08 03:09:08
1-3IVPUY35 ; producto erroneo ;,2026-04-08 03:09:21
1-3J7IOOJF ; Codigo de material no reconocido ;,2026-04-08 03:09:26
1-3J7NUSOY; falta-stock ;,2026-04-08 03:09:28
1-3J7RHV4G ; Codigo de material no reconocido ;,2026-04-08 03:10:02
1-3J70UAY3; falta-stock ;,2026-04-08 03:10:07
1-3J72V4T8 ; Codigo de material no reconocido ;,2026-04-08 03:10:12
1-3IW23PUK ; producto erroneo ;,2026-04-08 03:10:15
1-3J7OJV9D ; Codigo de material no reconocido ;,2026-04-08 03:10:43
1-3IW8OI45 ; producto erroneo ;,2026-04-08 03:11:09
1-3J7IRE0H; falta-stock ;,2026-04-08 03:11:09
1-3J7RNTPS ; Codigo de material no reconocido ;,2026-04-08 03:11:11
1-3IWTVOJY ; producto erroneo ;,2026-04-08 03:12:03
1-3J72H9EF; falta-stock ;,2026-04-08 03:12:03
1-3J7PDO8H; falta-stock ;,2026-04-08 03:12:40
1-3IXQEAIC ; Codigo de material no reconocido ;,2026-04-08 03:12:51
1-3IXRE4ME ; producto erroneo ;,2026-04-08 03:13:44
1-3IXYBHXI ; producto erroneo ;,2026-04-08 03:14:38
1-3IXSKJTU ; Codigo de material no reconocido ;,2026-04-08 03:15:26
1-3IZ8YJMS ; producto erroneo ;,2026-04-08 03:16:20
1-3IZ32K39 ; producto erroneo ;,2026-04-08 03:17:13
1-3IZVTPDT ; Codigo de material no reconocido ;,2026-04-08 03:18:01
1-3J0Q34Z5 ; producto erroneo ;,2026-04-08 03:20:54
1-3J13G8EP ; producto erroneo ;,2026-04-08 03:21:47
1-3J1Z46V9 ; producto erroneo ;,2026-04-08 03:22:41
1-3J2DO59C ; producto erroneo ;,2026-04-08 03:23:35
1-3J2RHUM8 ; producto erroneo ;,2026-04-08 03:24:29
1-3J2XNRAH ; producto erroneo ;,2026-04-08 03:25:22
1-3J32S0LG ; producto erroneo ;,2026-04-08 03:26:16
1-3J3NBKYE ; producto erroneo ;,2026-04-08 03:27:10
1-3J3P2P2L ; Codigo de material no reconocido ;,2026-04-08 03:27:58
1-3J3WB1G7 ; Codigo de material no reconocido ;,2026-04-08 03:29:00
1-3J4L0ZJ7 ; existe un problema con la actividad ;,2026-04-08 03:32:18
1-3J54FAT7; Declarada o En Proceso ;,2026-04-08 03:35:15
1-3J59MOUP ; Codigo de material no reconocido ;,2026-04-08 03:36:02
1-3J5CHJRB ; producto erroneo ;,2026-04-08 03:36:56
1-3J5Y2G3E ; producto erroneo ;,2026-04-08 03:37:50
1-3J6PRW51 ; Codigo de material no reconocido ;,2026-04-08 03:38:38
1-3J6SSVN8 ; producto erroneo ;,2026-04-08 03:39:31
1-3J31LFNF; falta-stock ;,2026-04-08 03:41:06
1-3J4A6PPS ; Codigo de material no reconocido ;,2026-04-08 03:42:08
